group,month,weekday,day,dayofyear,holiday,movieId,20,userId,pct,20_label
0.0,1,4,2,2,0,1045,0.0209,0.01539,0.09999999999999987,0.0151
0.0,1,5,3,3,0,757,0.0151,0.01199,-0.27751196172248793,0.0165
0.0,1,6,4,4,0,826,0.0165,0.01259,0.0927152317880795,0.019
0.0,1,0,5,5,0,949,0.019,0.01191,0.15151515151515138,0.0145
0.0,1,1,6,6,0,724,0.0145,0.00922,-0.23684210526315785,0.0153
0.0,1,2,7,7,0,765,0.0153,0.01016,0.055172413793103336,0.0107
0.0,1,3,8,8,0,534,0.0107,0.0062,-0.30065359477124187,0.0144
0.0,1,4,9,9,0,722,0.0144,0.01015,0.3457943925233644,0.0191
0.0,1,5,10,10,0,956,0.0191,0.01481,0.32638888888888884,0.0111
0.0,1,6,11,11,0,555,0.0111,0.00649,-0.4188481675392669,0.0113
0.0,1,0,12,12,0,566,0.0113,0.00708,0.018018018018017834,0.0137
0.0,1,1,13,13,0,686,0.0137,0.0099,0.21238938053097356,0.012
0.0,1,2,14,14,0,598,0.012,0.00794,-0.12408759124087587,0.0162
0.0,1,3,15,15,0,812,0.0162,0.01077,0.34999999999999987,0.0091
0.0,1,4,16,16,0,454,0.0091,0.00511,-0.43827160493827155,0.0332
0.0,1,5,17,17,0,1660,0.0332,0.02412,2.6483516483516483,0.0153
0.0,1,6,18,18,0,766,0.0153,0.01014,-0.5391566265060241,0.0183
0.0,1,0,19,19,0,917,0.0183,0.01388,0.196078431372549,0.0157
0.0,1,1,20,20,0,784,0.0157,0.0091,-0.14207650273224048,0.013
0.0,1,2,21,21,0,648,0.013,0.00882,-0.1719745222929936,0.0188
0.0,1,3,22,22,0,942,0.0188,0.01165,0.44615384615384635,0.0091
0.0,1,4,23,23,0,454,0.0091,0.00541,-0.5159574468085106,0.01
0.0,1,5,24,24,0,499,0.01,0.00628,0.09890109890109877,0.0098
0.0,1,6,25,25,0,491,0.0098,0.0063,-0.020000000000000018,0.0132
0.0,1,0,26,26,0,658,0.0132,0.00831,0.346938775510204,0.0248
0.0,1,1,27,27,0,1241,0.0248,0.0213,0.8787878787878787,0.0177
0.0,1,2,28,28,0,885,0.0177,0.01009,-0.28629032258064513,0.0219
0.0,1,3,29,29,0,1094,0.0219,0.01324,0.23728813559322037,0.0123
0.0,1,4,30,30,0,617,0.0123,0.00746,-0.4383561643835616,0.0276
0.0,1,5,31,31,0,1381,0.0276,0.01716,1.24390243902439,0.0172
0.0,2,6,1,32,0,858,0.0172,0.01024,-0.37681159420289856,0.0127
0.0,2,0,2,33,0,636,0.0127,0.00936,-0.2616279069767442,0.0105
0.0,2,1,3,34,0,526,0.0105,0.00754,-0.17322834645669283,0.0086
0.0,2,2,4,35,0,428,0.0086,0.00441,-0.18095238095238098,0.0078
0.0,2,3,5,36,0,392,0.0078,0.00505,-0.09302325581395354,0.0161
0.0,2,4,6,37,0,805,0.0161,0.01007,1.0641025641025643,0.0232
0.0,2,5,7,38,0,1161,0.0232,0.01582,0.4409937888198756,0.0128
0.0,2,6,8,39,0,641,0.0128,0.00868,-0.4482758620689654,0.0135
0.0,2,0,9,40,0,673,0.0135,0.00859,0.0546875,0.012
0.0,2,1,10,41,0,601,0.012,0.00785,-0.11111111111111105,0.008
0.0,2,2,11,42,0,398,0.008,0.00544,-0.33333333333333337,0.0057
0.0,2,3,12,43,0,284,0.0057,0.00354,-0.2875,0.0093
0.0,2,4,13,44,0,465,0.0093,0.00567,0.6315789473684208,0.0069
0.0,2,5,14,45,0,345,0.0069,0.0042,-0.25806451612903225,0.0186
0.0,2,6,15,46,0,929,0.0186,0.01238,1.6956521739130435,0.0196
0.0,2,0,16,47,0,982,0.0196,0.01594,0.053763440860215006,0.024
0.0,2,1,17,48,0,1199,0.024,0.01844,0.22448979591836737,0.0221
0.0,2,2,18,49,0,1104,0.0221,0.02217,-0.07916666666666661,0.0171
0.0,2,3,19,50,0,857,0.0171,0.01387,-0.2262443438914027,0.0203
0.0,2,4,20,51,0,1014,0.0203,0.01543,0.18713450292397638,0.0223
0.0,2,5,21,52,0,1114,0.0223,0.01618,0.09852216748768483,0.0154
0.0,2,6,22,53,0,769,0.0154,0.01008,-0.3094170403587444,0.0162
0.0,2,0,23,54,0,808,0.0162,0.01307,0.051948051948051965,0.0172
0.0,2,1,24,55,0,860,0.0172,0.01388,0.06172839506172845,0.021
0.0,2,2,25,56,0,1051,0.021,0.0148,0.2209302325581397,0.013
0.0,2,3,26,57,0,649,0.013,0.00827,-0.38095238095238104,0.0087
0.0,2,4,27,58,0,433,0.0087,0.00529,-0.3307692307692308,0.0197
0.0,2,5,28,59,0,987,0.0197,0.01241,1.264367816091954,0.0201
0.0,3,6,1,60,0,1003,0.0201,0.01494,0.020304568527918843,0.0223
0.0,3,0,2,61,0,1113,0.0223,0.01561,0.1094527363184079,0.0104
0.0,3,1,3,62,0,518,0.0104,0.00645,-0.5336322869955157,0.0141
0.0,3,2,4,63,0,704,0.0141,0.00967,0.35576923076923084,0.0119
0.0,3,3,5,64,0,594,0.0119,0.00855,-0.15602836879432613,0.015
0.0,3,4,6,65,0,752,0.015,0.00928,0.26050420168067223,0.0039
0.0,3,5,7,66,0,196,0.0039,0.00217,-0.74,0.0276
0.0,3,6,8,67,0,1378,0.0276,0.02003,6.0769230769230775,0.0172
0.0,3,0,9,68,0,860,0.0172,0.01147,-0.37681159420289856,0.0102
0.0,3,1,10,69,0,508,0.0102,0.00675,-0.40697674418604646,0.0085
0.0,3,2,11,70,0,426,0.0085,0.00491,-0.16666666666666663,0.007
0.0,3,3,12,71,0,350,0.007,0.00411,-0.17647058823529416,0.0136
0.0,3,4,13,72,0,679,0.0136,0.01056,0.9428571428571426,0.0194
0.0,3,5,14,73,0,968,0.0194,0.01295,0.42647058823529416,0.0195
0.0,3,6,15,74,0,976,0.0195,0.01262,0.005154639175257714,0.0202
0.0,3,0,16,75,0,1008,0.0202,0.0148,0.03589743589743577,0.0029
0.0,3,1,17,76,0,143,0.0029,0.0015,-0.8564356435643564,0.0114
0.0,3,2,18,77,0,570,0.0114,0.00677,2.931034482758621,0.012
0.0,3,3,19,78,0,601,0.012,0.00806,0.05263157894736836,0.0089
0.0,3,4,20,79,0,447,0.0089,0.00559,-0.2583333333333333,0.0161
0.0,3,5,21,80,0,805,0.0161,0.01153,0.8089887640449438,0.0256
0.0,3,6,22,81,0,1282,0.0256,0.01792,0.5900621118012424,0.0164
0.0,3,0,23,82,0,820,0.0164,0.00985,-0.359375,0.0121
0.0,3,1,24,83,0,603,0.0121,0.00808,-0.26219512195121963,0.0071
0.0,3,2,25,84,0,356,0.0071,0.00487,-0.4132231404958677,0.0144
0.0,3,3,26,85,0,720,0.0144,0.00789,1.028169014084507,0.014
0.0,3,4,27,86,0,702,0.014,0.00891,-0.02777777777777768,0.006
0.0,3,5,28,87,0,300,0.006,0.00439,-0.5714285714285714,0.0246
0.0,3,6,29,88,0,1230,0.0246,0.02103,3.0999999999999996,0.0182
0.0,3,0,30,89,0,911,0.0182,0.01406,-0.26016260162601623,0.0191
0.0,3,1,31,90,0,955,0.0191,0.01198,0.049450549450549275,0.0238
0.0,4,2,1,91,0,1190,0.0238,0.01718,0.24607329842931946,0.0183
0.0,4,3,2,92,0,915,0.0183,0.01193,-0.23109243697478998,0.0152
0.0,4,4,3,93,0,762,0.0152,0.01101,-0.1693989071038251,0.0155
0.0,4,5,4,94,0,776,0.0155,0.01151,0.019736842105263053,0.0221
0.0,4,6,5,95,0,1106,0.0221,0.0171,0.4258064516129034,0.0165
0.0,4,0,6,96,0,827,0.0165,0.01396,-0.25339366515837103,0.0147
0.0,4,1,7,97,0,737,0.0147,0.01144,-0.10909090909090913,0.016
0.0,4,2,8,98,0,801,0.016,0.01137,0.08843537414965996,0.0073
0.0,4,3,9,99,0,365,0.0073,0.00439,-0.54375,0.0116
0.0,4,4,10,100,0,579,0.0116,0.00757,0.5890410958904109,0.0195
0.0,4,5,11,101,0,973,0.0195,0.01629,0.6810344827586208,0.0231
0.0,4,6,12,102,0,1154,0.0231,0.0155,0.18461538461538463,0.0112
0.0,4,0,13,103,0,560,0.0112,0.00812,-0.5151515151515151,0.0094
0.0,4,1,14,104,0,472,0.0094,0.00651,-0.1607142857142857,0.0222
0.0,4,2,15,105,0,1110,0.0222,0.01468,1.3617021276595747,0.0184
0.0,4,3,16,106,0,920,0.0184,0.0127,-0.1711711711711712,0.0109
0.0,4,4,17,107,0,544,0.0109,0.00622,-0.40760869565217395,0.0135
0.0,4,5,18,108,0,673,0.0135,0.00905,0.23853211009174302,0.018
0.0,4,6,19,109,0,899,0.018,0.01468,0.33333333333333326,0.0176
0.0,4,0,20,110,0,881,0.0176,0.01155,-0.022222222222222143,0.0265
0.0,4,1,21,111,0,1323,0.0265,0.02511,0.5056818181818181,0.0199
0.0,4,2,22,112,0,994,0.0199,0.01505,-0.24905660377358485,0.0228
0.0,4,3,23,113,0,1142,0.0228,0.01614,0.14572864321608048,0.0157
0.0,4,4,24,114,0,786,0.0157,0.01164,-0.3114035087719299,0.0132
0.0,4,5,25,115,0,660,0.0132,0.00954,-0.15923566878980888,0.0163
0.0,4,6,26,116,0,814,0.0163,0.01363,0.23484848484848464,0.0216
0.0,4,0,27,117,0,1082,0.0216,0.01562,0.32515337423312896,0.0172
0.0,4,1,28,118,0,861,0.0172,0.01102,-0.20370370370370372,0.0143
0.0,4,2,29,119,0,716,0.0143,0.01033,-0.16860465116279066,0.0062
0.0,4,3,30,120,0,311,0.0062,0.00383,-0.5664335664335665,0.0125
0.0,5,4,1,121,0,627,0.0125,0.01004,1.0161290322580645,0.0121
0.0,5,5,2,122,0,604,0.0121,0.00902,-0.03200000000000003,0.0159
0.0,5,6,3,123,0,794,0.0159,0.01117,0.31404958677685957,0.0093
0.0,5,0,4,124,0,464,0.0093,0.00678,-0.41509433962264164,0.0071
0.0,5,1,5,125,0,357,0.0071,0.00513,-0.23655913978494614,0.0126
0.0,5,2,6,126,0,628,0.0126,0.01036,0.7746478873239435,0.0115
0.0,5,3,7,127,0,577,0.0115,0.00905,-0.08730158730158732,0.0121
0.0,5,4,8,128,0,605,0.0121,0.00922,0.05217391304347818,0.02
0.0,5,5,9,129,0,1000,0.02,0.01299,0.6528925619834711,0.0136
0.0,5,6,10,130,0,682,0.0136,0.00901,-0.32000000000000006,0.0162
0.0,5,0,11,131,0,808,0.0162,0.01053,0.19117647058823528,0.0135
0.0,5,1,12,132,0,673,0.0135,0.01011,-0.16666666666666663,0.0156
0.0,5,2,13,133,0,781,0.0156,0.01347,0.15555555555555545,0.0163
0.0,5,3,14,134,0,813,0.0163,0.01177,0.044871794871794934,0.0279
0.0,5,4,15,135,0,1393,0.0279,0.01795,0.7116564417177917,0.023
0.0,5,5,16,136,0,1150,0.023,0.01677,-0.17562724014336928,0.0138
0.0,5,6,17,137,0,692,0.0138,0.00963,-0.4,0.0272
0.0,5,0,18,138,0,1359,0.0272,0.01927,0.9710144927536231,0.0114
0.0,5,1,19,139,0,568,0.0114,0.01093,-0.5808823529411764,0.018
0.0,5,2,20,140,0,901,0.018,0.01244,0.5789473684210524,0.014
0.0,5,3,21,141,0,701,0.014,0.01127,-0.2222222222222221,0.0181
0.0,5,4,22,142,0,904,0.0181,0.01286,0.2928571428571429,0.0125
0.0,5,5,23,143,0,626,0.0125,0.00855,-0.30939226519337015,0.0175
0.0,5,6,24,144,0,876,0.0175,0.01306,0.40000000000000013,0.0326
0.0,5,0,25,145,0,1628,0.0326,0.02369,0.8628571428571425,0.011
0.0,5,1,26,146,0,551,0.011,0.00832,-0.6625766871165644,0.0342
0.0,5,2,27,147,0,1710,0.0342,0.0232,2.1090909090909093,0.0167
0.0,5,3,28,148,0,837,0.0167,0.01044,-0.5116959064327486,0.0146
0.0,5,4,29,149,0,731,0.0146,0.00993,-0.12574850299401197,0.0158
0.0,5,5,30,150,0,788,0.0158,0.01035,0.08219178082191791,0.0136
0.0,5,6,31,151,0,680,0.0136,0.00959,-0.1392405063291141,0.0126
0.0,6,0,1,152,0,628,0.0126,0.00882,-0.07352941176470584,0.01
0.0,6,1,2,153,0,501,0.01,0.00665,-0.2063492063492064,0.0154
0.0,6,2,3,154,0,771,0.0154,0.01117,0.54,0.0139
0.0,6,3,4,155,0,693,0.0139,0.01052,-0.09740259740259749,0.0108
0.0,6,4,5,156,0,540,0.0108,0.00762,-0.2230215827338129,0.0148
0.0,6,5,6,157,0,742,0.0148,0.01166,0.37037037037037046,0.0217
0.0,6,6,7,158,0,1087,0.0217,0.01747,0.46621621621621623,0.0097
0.0,6,0,8,159,0,484,0.0097,0.00665,-0.5529953917050692,0.0163
0.0,6,1,9,160,0,813,0.0163,0.01358,0.6804123711340204,0.0088
0.0,6,2,10,161,0,438,0.0088,0.00498,-0.46012269938650296,0.0128
0.0,6,3,11,162,0,638,0.0128,0.00805,0.4545454545454546,0.0064
0.0,6,4,12,163,0,320,0.0064,0.0043,-0.5,0.0087
0.0,6,5,13,164,0,434,0.0087,0.00636,0.3593749999999998,0.0213
0.0,6,6,14,165,0,1064,0.0213,0.01645,1.4482758620689657,0.0109
0.0,6,0,15,166,0,547,0.0109,0.00977,-0.488262910798122,0.0175
0.0,6,1,16,167,0,877,0.0175,0.01415,0.6055045871559634,0.0171
0.0,6,2,17,168,0,854,0.0171,0.01386,-0.02285714285714291,0.0149
0.0,6,3,18,169,0,743,0.0149,0.01087,-0.1286549707602339,0.0165
0.0,6,4,19,170,0,825,0.0165,0.01296,0.10738255033557054,0.0355
0.0,6,5,20,171,0,1777,0.0355,0.02204,1.1515151515151514,0.0266
0.0,6,6,21,172,0,1330,0.0266,0.01944,-0.2507042253521127,0.0252
0.0,6,0,22,173,0,1259,0.0252,0.01639,-0.05263157894736836,0.0313
0.0,6,1,23,174,0,1565,0.0313,0.02637,0.2420634920634921,0.0366
0.0,6,2,24,175,0,1832,0.0366,0.02704,0.16932907348242798,0.017
0.0,6,3,25,176,0,852,0.017,0.01125,-0.53551912568306,0.0097
0.0,6,4,26,177,0,484,0.0097,0.0061,-0.4294117647058824,0.0146
0.0,6,5,27,178,0,730,0.0146,0.0101,0.5051546391752577,0.0468
0.0,6,6,28,179,0,2339,0.0468,0.03002,2.2054794520547945,0.0271
0.0,6,0,29,180,0,1353,0.0271,0.01945,-0.420940170940171,0.0288
0.0,6,1,30,181,0,1442,0.0288,0.02168,0.0627306273062731,0.0315
0.0,7,2,1,182,0,1574,0.0315,0.02402,0.09375,0.0259
0.0,7,3,2,183,0,1293,0.0259,0.02251,-0.1777777777777778,0.0203
0.0,7,4,3,184,0,1016,0.0203,0.01836,-0.21621621621621623,0.0325
0.0,7,5,4,185,0,1626,0.0325,0.03089,0.600985221674877,0.1441
0.0,7,6,5,186,0,7205,0.1441,0.09446,3.4338461538461535,0.0209
0.0,7,0,6,187,0,1045,0.0209,0.01399,-0.8549618320610687,0.0186
0.0,7,1,7,188,0,931,0.0186,0.01186,-0.11004784688995217,0.0204
0.0,7,2,8,189,0,1021,0.0204,0.01553,0.09677419354838723,0.0284
0.0,7,3,9,190,0,1419,0.0284,0.02559,0.392156862745098,0.0229
0.0,7,4,10,191,0,1144,0.0229,0.01624,-0.193661971830986,0.0216
0.0,7,5,11,192,0,1082,0.0216,0.01716,-0.056768558951964976,0.0214
0.0,7,6,12,193,0,1069,0.0214,0.01588,-0.009259259259259411,0.0253
0.0,7,0,13,194,0,1263,0.0253,0.01787,0.18224299065420557,0.0141
0.0,7,1,14,195,0,707,0.0141,0.01035,-0.4426877470355731,0.0264
0.0,7,2,15,196,0,1320,0.0264,0.02277,0.8723404255319149,0.0201
0.0,7,3,16,197,0,1005,0.0201,0.01697,-0.23863636363636365,0.0205
0.0,7,4,17,198,0,1026,0.0205,0.01341,0.019900497512437942,0.0533
0.0,7,5,18,199,0,2666,0.0533,0.04978,1.6,0.0345
0.0,7,6,19,200,0,1723,0.0345,0.03044,-0.35272045028142585,0.0167
0.0,7,0,20,201,0,833,0.0167,0.013,-0.5159420289855072,0.0271
0.0,7,1,21,202,0,1353,0.0271,0.01964,0.6227544910179641,0.0119
0.0,7,2,22,203,0,594,0.0119,0.00844,-0.5608856088560885,0.0162
0.0,7,3,23,204,0,810,0.0162,0.01193,0.3613445378151259,0.0335
0.0,7,4,24,205,0,1677,0.0335,0.02778,1.0679012345679015,0.0256
0.0,7,5,25,206,0,1282,0.0256,0.01922,-0.23582089552238805,0.0316
0.0,7,6,26,207,0,1580,0.0316,0.02851,0.234375,0.0174
0.0,7,0,27,208,0,871,0.0174,0.01379,-0.449367088607595,0.0194
0.0,7,1,28,209,0,972,0.0194,0.01426,0.11494252873563227,0.0187
0.0,7,2,29,210,0,936,0.0187,0.01729,-0.03608247422680411,0.0183
0.0,7,3,30,211,0,914,0.0183,0.01574,-0.021390374331550888,0.0264
0.0,7,4,31,212,0,1321,0.0264,0.01673,0.4426229508196722,0.0192
0.0,8,5,1,213,0,960,0.0192,0.0163,-0.2727272727272728,0.0235
0.0,8,6,2,214,0,1175,0.0235,0.02178,0.22395833333333348,0.0193
0.0,8,0,3,215,0,967,0.0193,0.01511,-0.17872340425531907,0.019
0.0,8,1,4,216,0,952,0.019,0.01401,-0.015544041450777257,0.0235
0.0,8,2,5,217,0,1176,0.0235,0.01878,0.23684210526315796,0.0264
0.0,8,3,6,218,0,1322,0.0264,0.02252,0.123404255319149,0.0158
0.0,8,4,7,219,0,792,0.0158,0.01101,-0.4015151515151515,0.0138
0.0,8,5,8,220,0,689,0.0138,0.01095,-0.12658227848101278,0.0192
0.0,8,6,9,221,0,960,0.0192,0.01688,0.3913043478260869,0.0195
0.0,8,0,10,222,0,973,0.0195,0.01614,0.015625,0.014
0.0,8,1,11,223,0,699,0.014,0.01192,-0.28205128205128205,0.0133
0.0,8,2,12,224,0,666,0.0133,0.01022,-0.050000000000000044,0.0182
0.0,8,3,13,225,0,908,0.0182,0.01671,0.368421052631579,0.0246
0.0,8,4,14,226,0,1230,0.0246,0.01859,0.3516483516483515,0.0103
0.0,8,5,15,227,0,514,0.0103,0.00742,-0.5813008130081301,0.0417
0.0,8,6,16,228,0,2087,0.0417,0.05116,3.0485436893203888,0.0475
0.0,8,0,17,229,0,2374,0.0475,0.11777,0.1390887290167866,0.0252
0.0,8,1,18,230,0,1262,0.0252,0.02847,-0.46947368421052627,0.0254
0.0,8,2,19,231,0,1272,0.0254,0.02693,0.007936507936507908,0.0159
0.0,8,3,20,232,0,793,0.0159,0.01525,-0.37401574803149595,0.0202
0.0,8,4,21,233,0,1011,0.0202,0.01828,0.270440251572327,0.0325
0.0,8,5,22,234,0,1626,0.0325,0.02608,0.608910891089109,0.0192
0.0,8,6,23,235,0,959,0.0192,0.0227,-0.4092307692307693,0.0276
0.0,8,0,24,236,0,1380,0.0276,0.02538,0.4375,0.0245
0.0,8,1,25,237,0,1225,0.0245,0.02704,-0.11231884057971009,0.0237
0.0,8,2,26,238,0,1184,0.0237,0.01897,-0.032653061224489854,0.0145
0.0,8,3,27,239,0,723,0.0145,0.01014,-0.38818565400843874,0.025
0.0,8,4,28,240,0,1252,0.025,0.02747,0.7241379310344829,0.0264
0.0,8,5,29,241,0,1320,0.0264,0.02392,0.05599999999999983,0.0284
0.0,8,6,30,242,0,1419,0.0284,0.02618,0.07575757575757591,0.026
0.0,8,0,31,243,0,1299,0.026,0.01884,-0.08450704225352124,0.0195
0.0,9,1,1,244,0,975,0.0195,0.01836,-0.25,0.0181
0.0,9,2,2,245,0,904,0.0181,0.01354,-0.07179487179487176,0.0177
0.0,9,3,3,246,0,883,0.0177,0.01366,-0.02209944751381221,0.0242
0.0,9,4,4,247,0,1212,0.0242,0.02018,0.36723163841807893,0.0177
0.0,9,5,5,248,0,885,0.0177,0.01496,-0.26859504132231404,0.0378
0.0,9,6,6,249,0,1891,0.0378,0.03459,1.1355932203389831,0.0259
0.0,9,0,7,250,0,1295,0.0259,0.02525,-0.3148148148148149,0.0358
0.0,9,1,8,251,0,1792,0.0358,0.02752,0.38223938223938214,0.0288
0.0,9,2,9,252,0,1441,0.0288,0.01911,-0.1955307262569832,0.015
0.0,9,3,10,253,0,750,0.015,0.00996,-0.47916666666666663,0.0239
0.0,9,4,11,254,0,1197,0.0239,0.02921,0.5933333333333335,0.0227
0.0,9,5,12,255,0,1134,0.0227,0.02324,-0.05020920502092052,0.0391
0.0,9,6,13,256,0,1956,0.0391,0.0352,0.722466960352423,0.021
0.0,9,0,14,257,0,1050,0.021,0.01573,-0.4629156010230179,0.0203
0.0,9,1,15,258,0,1015,0.0203,0.01538,-0.03333333333333344,0.0191
0.0,9,2,16,259,0,957,0.0191,0.01526,-0.059113300492610876,0.0182
0.0,9,3,17,260,0,911,0.0182,0.01505,-0.04712041884816742,0.0134
0.0,9,4,18,261,0,669,0.0134,0.01025,-0.2637362637362638,0.0167
0.0,9,5,19,262,0,837,0.0167,0.01301,0.24626865671641784,0.0342
0.0,9,6,20,263,0,1709,0.0342,0.03128,1.0479041916167664,0.036
0.0,9,0,21,264,0,1801,0.036,0.03134,0.05263157894736836,0.0238
0.0,9,1,22,265,0,1188,0.0238,0.02102,-0.3388888888888888,0.0359
0.0,9,2,23,266,0,1795,0.0359,0.02629,0.5084033613445378,0.0135
0.0,9,3,24,267,0,674,0.0135,0.00847,-0.6239554317548747,0.0144
0.0,9,4,25,268,0,722,0.0144,0.01237,0.06666666666666665,0.0197
0.0,9,5,26,269,0,987,0.0197,0.01567,0.3680555555555556,0.0246
0.0,9,6,27,270,0,1229,0.0246,0.02144,0.24873096446700527,0.0135
0.0,9,0,28,271,0,677,0.0135,0.00857,-0.451219512195122,0.0159
0.0,9,1,29,272,0,796,0.0159,0.01099,0.1777777777777778,0.014
0.0,9,2,30,273,0,700,0.014,0.01251,-0.11949685534591203,0.0135
0.0,10,3,1,274,0,673,0.0135,0.01236,-0.0357142857142857,0.0225
0.0,10,4,2,275,0,1125,0.0225,0.0169,0.6666666666666665,0.0285
0.0,10,5,3,276,0,1423,0.0285,0.02386,0.26666666666666683,0.0313
0.0,10,6,4,277,0,1566,0.0313,0.02492,0.0982456140350878,0.0265
0.0,10,0,5,278,0,1324,0.0265,0.01957,-0.15335463258785953,0.0168
0.0,10,1,6,279,0,842,0.0168,0.01315,-0.36603773584905663,0.0164
0.0,10,2,7,280,0,818,0.0164,0.01396,-0.023809523809523614,0.0105
0.0,10,3,8,281,0,523,0.0105,0.00857,-0.3597560975609756,0.0287
0.0,10,4,9,282,0,1433,0.0287,0.02432,1.733333333333333,0.0537
0.0,10,5,10,283,0,2685,0.0537,0.03906,0.8710801393728222,0.0285
0.0,10,6,11,284,0,1425,0.0285,0.02845,-0.4692737430167597,0.0206
0.0,10,0,12,285,0,1030,0.0206,0.0181,-0.2771929824561403,0.0219
0.0,10,1,13,286,0,1095,0.0219,0.02003,0.06310679611650483,0.0289
0.0,10,2,14,287,0,1447,0.0289,0.02449,0.3196347031963469,0.0468
0.0,10,3,15,288,0,2341,0.0468,0.03366,0.619377162629758,0.0655
0.0,10,4,16,289,0,3273,0.0655,0.04225,0.3995726495726495,0.0293
0.0,10,5,17,290,0,1465,0.0293,0.02736,-0.5526717557251908,0.0238
0.0,10,6,18,291,0,1188,0.0238,0.02281,-0.18771331058020468,0.0512
0.0,10,0,19,292,0,2558,0.0512,0.05934,1.1512605042016806,0.0459
0.0,10,1,20,293,0,2296,0.0459,0.04578,-0.103515625,0.0292
0.0,10,2,21,294,0,1459,0.0292,0.02629,-0.3638344226579521,0.0247
0.0,10,3,22,295,0,1237,0.0247,0.02432,-0.15410958904109595,0.0263
0.0,10,4,23,296,0,1313,0.0263,0.02203,0.06477732793522262,0.0166
0.0,10,5,24,297,0,831,0.0166,0.01323,-0.36882129277566544,0.0216
0.0,10,6,25,298,0,1079,0.0216,0.01814,0.3012048192771084,0.0213
0.0,10,0,26,299,0,1065,0.0213,0.01775,-0.01388888888888895,0.0162
0.0,10,1,27,300,0,808,0.0162,0.0115,-0.23943661971830987,0.0328
0.0,10,2,28,301,0,1639,0.0328,0.03213,1.0246913580246915,0.0284
0.0,10,3,29,302,0,1421,0.0284,0.02643,-0.13414634146341464,0.0225
0.0,10,4,30,303,0,1126,0.0225,0.01812,-0.2077464788732395,0.0161
0.0,10,5,31,304,0,806,0.0161,0.012,-0.2844444444444444,0.0237
0.0,11,6,1,305,0,1186,0.0237,0.01961,0.4720496894409938,0.0187
0.0,11,0,2,306,0,933,0.0187,0.01469,-0.21097046413502096,0.0379
0.0,11,1,3,307,0,1895,0.0379,0.0563,1.0267379679144386,0.0541
0.0,11,2,4,308,0,2707,0.0541,0.10267,0.4274406332453826,0.0319
0.0,11,3,5,309,0,1594,0.0319,0.0413,-0.41035120147874315,0.0437
0.0,11,4,6,310,0,2184,0.0437,0.05475,0.3699059561128528,0.0474
0.0,11,5,7,311,0,2368,0.0474,0.06553,0.08466819221967947,0.0379
0.0,11,6,8,312,0,1893,0.0379,0.04429,-0.20042194092826993,0.0317
0.0,11,0,9,313,0,1583,0.0317,0.0373,-0.16358839050131935,0.0344
0.0,11,1,10,314,0,1721,0.0344,0.03757,0.0851735015772872,0.0324
0.0,11,2,11,315,0,1621,0.0324,0.04041,-0.058139534883721034,0.0344
0.0,11,3,12,316,0,1721,0.0344,0.03389,0.06172839506172845,0.0276
0.0,11,4,13,317,0,1378,0.0276,0.02793,-0.19767441860465118,0.0233
0.0,11,5,14,318,0,1165,0.0233,0.02436,-0.15579710144927528,0.0369
0.0,11,6,15,319,0,1846,0.0369,0.04444,0.5836909871244635,0.0236
0.0,11,0,16,320,0,1182,0.0236,0.02269,-0.36043360433604343,0.0337
0.0,11,1,17,321,0,1683,0.0337,0.03296,0.4279661016949152,0.0303
0.0,11,2,18,322,0,1514,0.0303,0.02782,-0.10089020771513357,0.0251
0.0,11,3,19,323,0,1255,0.0251,0.02535,-0.17161716171617158,0.0304
0.0,11,4,20,324,0,1522,0.0304,0.03251,0.2111553784860558,0.0387
0.0,11,5,21,325,0,1934,0.0387,0.0398,0.2730263157894737,0.0251
0.0,11,6,22,326,0,1257,0.0251,0.02412,-0.3514211886304909,0.0191
0.0,11,0,23,327,0,955,0.0191,0.01625,-0.23904382470119534,0.026
0.0,11,1,24,328,0,1298,0.026,0.0233,0.3612565445026179,0.0161
0.0,11,2,25,329,0,805,0.0161,0.01425,-0.38076923076923075,0.0177
0.0,11,3,26,330,0,884,0.0177,0.01419,0.0993788819875776,0.0267
0.0,11,4,27,331,0,1337,0.0267,0.02168,0.5084745762711864,0.0303
0.0,11,5,28,332,0,1514,0.0303,0.03012,0.1348314606741572,0.0294
0.0,11,6,29,333,0,1471,0.0294,0.02558,-0.02970297029702973,0.02
0.0,11,0,30,334,0,1002,0.02,0.01589,-0.3197278911564625,0.0328
0.0,12,1,1,335,0,1641,0.0328,0.02359,0.6400000000000001,0.024
0.0,12,2,2,336,0,1202,0.024,0.0172,-0.2682926829268293,0.0258
0.0,12,3,3,337,0,1292,0.0258,0.02082,0.07499999999999996,0.032
0.0,12,4,4,338,0,1602,0.032,0.02828,0.24031007751937983,0.0344
0.0,12,5,5,339,0,1720,0.0344,0.03554,0.07499999999999996,0.0369
0.0,12,6,6,340,0,1845,0.0369,0.03154,0.07267441860465129,0.0245
0.0,12,0,7,341,0,1226,0.0245,0.0192,-0.3360433604336044,0.0221
0.0,12,1,8,342,0,1104,0.0221,0.0176,-0.09795918367346934,0.037
0.0,12,2,9,343,0,1848,0.037,0.02916,0.6742081447963799,0.0151
0.0,12,3,10,344,0,753,0.0151,0.01225,-0.5918918918918918,0.0251
0.0,12,4,11,345,0,1253,0.0251,0.02008,0.6622516556291391,0.0243
0.0,12,5,12,346,0,1216,0.0243,0.02147,-0.031872509960159445,0.0256
0.0,12,6,13,347,0,1280,0.0256,0.02497,0.053497942386831365,0.021
0.0,12,0,14,348,0,1052,0.021,0.01704,-0.1796875,0.0313
0.0,12,1,15,349,0,1564,0.0313,0.02561,0.4904761904761905,0.0205
0.0,12,2,16,350,0,1025,0.0205,0.01528,-0.34504792332268375,0.0182
0.0,12,3,17,351,0,912,0.0182,0.01375,-0.1121951219512195,0.0226
0.0,12,4,18,352,0,1130,0.0226,0.02028,0.24175824175824157,0.0303
0.0,12,5,19,353,0,1516,0.0303,0.02408,0.3407079646017701,0.0334
0.0,12,6,20,354,0,1670,0.0334,0.03009,0.10231023102310233,0.0252
0.0,12,0,21,355,0,1258,0.0252,0.01949,-0.24550898203592808,0.0202
0.0,12,1,22,356,0,1009,0.0202,0.01718,-0.19841269841269848,0.0164
0.0,12,2,23,357,0,822,0.0164,0.0133,-0.18811881188118806,0.0139
0.0,12,3,24,358,0,694,0.0139,0.00877,-0.15243902439024404,0.0342
0.0,12,4,25,359,0,1709,0.0342,0.02753,1.4604316546762592,0.0281
0.0,12,5,26,360,0,1405,0.0281,0.02305,-0.17836257309941528,0.0377
0.0,12,6,27,361,0,1884,0.0377,0.03909,0.3416370106761566,0.0371
0.0,12,0,28,362,0,1855,0.0371,0.03192,-0.01591511936339518,0.0215
0.0,12,1,29,363,0,1076,0.0215,0.01837,-0.42048517520215645,0.0261
0.0,12,2,30,364,0,1303,0.0261,0.02007,0.21395348837209327,0.0267
1.0,1,4,2,2,0,717,0.0143,0.01153,-0.38888888888888895,0.0176
1.0,1,5,3,3,0,881,0.0176,0.01315,0.23076923076923084,0.0154
1.0,1,6,4,4,0,768,0.0154,0.01197,-0.125,0.0143
1.0,1,0,5,5,0,717,0.0143,0.00931,-0.0714285714285714,0.0126
1.0,1,1,6,6,0,631,0.0126,0.00914,-0.11888111888111885,0.021
1.0,1,2,7,7,0,1051,0.021,0.01505,0.6666666666666667,0.0171
1.0,1,3,8,8,0,857,0.0171,0.01144,-0.18571428571428572,0.0211
1.0,1,4,9,9,0,1053,0.0211,0.01409,0.23391812865497075,0.015
1.0,1,5,10,10,0,748,0.015,0.01053,-0.2890995260663508,0.0166
1.0,1,6,11,11,0,828,0.0166,0.01087,0.10666666666666669,0.0122
1.0,1,0,12,12,0,608,0.0122,0.00822,-0.2650602409638554,0.0074
1.0,1,1,13,13,0,368,0.0074,0.0042,-0.39344262295081966,0.0079
1.0,1,2,14,14,0,394,0.0079,0.00532,0.06756756756756754,0.0083
1.0,1,3,15,15,0,416,0.0083,0.00507,0.05063291139240489,0.0296
1.0,1,4,16,16,0,1480,0.0296,0.02146,2.566265060240964,0.0095
1.0,1,5,17,17,0,476,0.0095,0.00596,-0.6790540540540541,0.0139
1.0,1,6,18,18,0,696,0.0139,0.00984,0.463157894736842,0.0102
1.0,1,0,19,19,0,508,0.0102,0.00641,-0.26618705035971213,0.0109
1.0,1,1,20,20,0,544,0.0109,0.00671,0.06862745098039214,0.0107
1.0,1,2,21,21,0,536,0.0107,0.00686,-0.01834862385321101,0.016
1.0,1,3,22,22,0,799,0.016,0.01058,0.4953271028037385,0.0215
1.0,1,4,23,23,0,1073,0.0215,0.01415,0.3437499999999998,0.0295
1.0,1,5,24,24,0,1474,0.0295,0.02005,0.37209302325581395,0.019
1.0,1,6,25,25,0,948,0.019,0.01309,-0.35593220338983045,0.0116
1.0,1,0,26,26,0,580,0.0116,0.00651,-0.3894736842105263,0.0167
1.0,1,1,27,27,0,837,0.0167,0.01115,0.43965517241379315,0.0146
1.0,1,2,28,28,0,728,0.0146,0.00866,-0.12574850299401197,0.0133
1.0,1,3,29,29,0,665,0.0133,0.00875,-0.08904109589041098,0.0175
1.0,1,4,30,30,0,877,0.0175,0.01346,0.3157894736842106,0.02
1.0,1,5,31,31,0,1002,0.02,0.01121,0.1428571428571428,0.0272
1.0,2,6,1,32,0,1361,0.0272,0.01899,0.3599999999999999,0.0173
1.0,2,0,2,33,0,863,0.0173,0.01197,-0.36397058823529416,0.0143
1.0,2,1,3,34,0,714,0.0143,0.00766,-0.17341040462427737,0.0133
1.0,2,2,4,35,0,665,0.0133,0.00848,-0.06993006993007,0.0164
1.0,2,3,5,36,0,818,0.0164,0.01095,0.23308270676691745,0.0146
1.0,2,4,6,37,0,730,0.0146,0.00966,-0.10975609756097571,0.0089
1.0,2,5,7,38,0,447,0.0089,0.00493,-0.3904109589041096,0.0145
1.0,2,6,8,39,0,725,0.0145,0.00917,0.6292134831460676,0.0157
1.0,2,0,9,40,0,785,0.0157,0.01147,0.08275862068965512,0.0107
1.0,2,1,10,41,0,537,0.0107,0.00639,-0.31847133757961776,0.0109
1.0,2,2,11,42,0,543,0.0109,0.00737,0.01869158878504673,0.0219
1.0,2,3,12,43,0,1097,0.0219,0.01554,1.0091743119266052,0.0117
1.0,2,4,13,44,0,584,0.0117,0.00843,-0.4657534246575342,0.0127
1.0,2,5,14,45,0,635,0.0127,0.00944,0.08547008547008539,0.0225
1.0,2,6,15,46,0,1127,0.0225,0.01633,0.7716535433070866,0.0142
1.0,2,0,16,47,0,708,0.0142,0.01035,-0.3688888888888888,0.0208
1.0,2,1,17,48,0,1038,0.0208,0.0139,0.464788732394366,0.0173
1.0,2,2,18,49,0,867,0.0173,0.01524,-0.16826923076923073,0.0199
1.0,2,3,19,50,0,996,0.0199,0.01479,0.1502890173410405,0.0093
1.0,2,4,20,51,0,465,0.0093,0.0061,-0.5326633165829147,0.0168
1.0,2,5,21,52,0,841,0.0168,0.01102,0.8064516129032258,0.0149
1.0,2,6,22,53,0,743,0.0149,0.01078,-0.11309523809523803,0.0167
1.0,2,0,23,54,0,836,0.0167,0.0124,0.12080536912751683,0.0167
1.0,2,1,24,55,0,836,0.0167,0.01248,0.0,0.0125
1.0,2,2,25,56,0,626,0.0125,0.00831,-0.25149700598802394,0.014
1.0,2,3,26,57,0,702,0.014,0.00921,0.11999999999999988,0.0185
1.0,2,4,27,58,0,925,0.0185,0.01303,0.3214285714285714,0.0137
1.0,2,5,28,59,0,686,0.0137,0.00895,-0.25945945945945936,0.0187
1.0,3,6,1,60,0,934,0.0187,0.01449,0.36496350364963503,0.0121
1.0,3,0,2,61,0,607,0.0121,0.00857,-0.3529411764705883,0.0052
1.0,3,1,3,62,0,260,0.0052,0.00283,-0.5702479338842975,0.0102
1.0,3,2,4,63,0,511,0.0102,0.00617,0.9615384615384617,0.023
1.0,3,3,5,64,0,1149,0.023,0.0183,1.2549019607843137,0.0174
1.0,3,4,6,65,0,868,0.0174,0.01376,-0.24347826086956526,0.0059
1.0,3,5,7,66,0,297,0.0059,0.00393,-0.6609195402298851,0.0222
1.0,3,6,8,67,0,1111,0.0222,0.01479,2.76271186440678,0.0091
1.0,3,0,9,68,0,457,0.0091,0.00575,-0.5900900900900901,0.0101
1.0,3,1,10,69,0,504,0.0101,0.00689,0.10989010989010972,0.0124
1.0,3,2,11,70,0,621,0.0124,0.00725,0.2277227722772277,0.0045
1.0,3,3,12,71,0,226,0.0045,0.00253,-0.6370967741935484,0.01
1.0,3,4,13,72,0,502,0.01,0.00725,1.2222222222222223,0.0166
1.0,3,5,14,73,0,828,0.0166,0.01302,0.6599999999999999,0.0125
1.0,3,6,15,74,0,625,0.0125,0.00981,-0.24698795180722888,0.0113
1.0,3,0,16,75,0,567,0.0113,0.00912,-0.09600000000000009,0.0095
1.0,3,1,17,76,0,474,0.0095,0.00551,-0.15929203539823,0.0217
1.0,3,2,18,77,0,1083,0.0217,0.015,1.2842105263157895,0.0183
1.0,3,3,19,78,0,914,0.0183,0.01379,-0.15668202764976957,0.012
1.0,3,4,20,79,0,601,0.012,0.00739,-0.34426229508196726,0.0084
1.0,3,5,21,80,0,422,0.0084,0.00508,-0.30000000000000004,0.0238
1.0,3,6,22,81,0,1188,0.0238,0.01629,1.833333333333334,0.0189
1.0,3,0,23,82,0,946,0.0189,0.01521,-0.20588235294117652,0.0261
1.0,3,1,24,83,0,1303,0.0261,0.01962,0.38095238095238093,0.0242
1.0,3,2,25,84,0,1208,0.0242,0.01663,-0.07279693486590044,0.0091
1.0,3,3,26,85,0,457,0.0091,0.00557,-0.6239669421487604,0.0124
1.0,3,4,27,86,0,619,0.0124,0.00839,0.36263736263736246,0.0176
1.0,3,5,28,87,0,878,0.0176,0.01164,0.4193548387096775,0.0333
1.0,3,6,29,88,0,1667,0.0333,0.02174,0.8920454545454546,0.0206
1.0,3,0,30,89,0,1031,0.0206,0.01511,-0.38138138138138145,0.0208
1.0,3,1,31,90,0,1042,0.0208,0.01452,0.009708737864077666,0.0186
1.0,4,2,1,91,0,928,0.0186,0.01232,-0.10576923076923084,0.0208
1.0,4,3,2,92,0,1039,0.0208,0.015,0.11827956989247324,0.0166
1.0,4,4,3,93,0,828,0.0166,0.01211,-0.20192307692307687,0.0077
1.0,4,5,4,94,0,384,0.0077,0.00543,-0.536144578313253,0.0274
1.0,4,6,5,95,0,1371,0.0274,0.02067,2.5584415584415585,0.0143
1.0,4,0,6,96,0,715,0.0143,0.00893,-0.4781021897810219,0.0117
1.0,4,1,7,97,0,585,0.0117,0.0076,-0.18181818181818177,0.0113
1.0,4,2,8,98,0,563,0.0113,0.00906,-0.03418803418803429,0.0114
1.0,4,3,9,99,0,569,0.0114,0.00823,0.008849557522123908,0.0086
1.0,4,4,10,100,0,431,0.0086,0.0053,-0.24561403508771928,0.0131
1.0,4,5,11,101,0,656,0.0131,0.00966,0.5232558139534884,0.0106
1.0,4,6,12,102,0,528,0.0106,0.00663,-0.19083969465648853,0.0135
1.0,4,0,13,103,0,676,0.0135,0.01059,0.2735849056603774,0.0133
1.0,4,1,14,104,0,665,0.0133,0.01023,-0.014814814814814836,0.017
1.0,4,2,15,105,0,852,0.017,0.01123,0.2781954887218048,0.0439
1.0,4,3,16,106,0,2196,0.0439,0.02642,1.5823529411764703,0.0101
1.0,4,4,17,107,0,507,0.0101,0.00641,-0.7699316628701595,0.0295
1.0,4,5,18,108,0,1473,0.0295,0.02332,1.9207920792079207,0.0136
1.0,4,6,19,109,0,678,0.0136,0.00881,-0.5389830508474576,0.0117
1.0,4,0,20,110,0,585,0.0117,0.00757,-0.13970588235294112,0.0089
1.0,4,1,21,111,0,445,0.0089,0.00643,-0.23931623931623935,0.0154
1.0,4,2,22,112,0,769,0.0154,0.01175,0.7303370786516854,0.0142
1.0,4,3,23,113,0,708,0.0142,0.00949,-0.07792207792207795,0.0079
1.0,4,4,24,114,0,394,0.0079,0.00586,-0.4436619718309859,0.0194
1.0,4,5,25,115,0,972,0.0194,0.01743,1.4556962025316453,0.0145
1.0,4,6,26,116,0,726,0.0145,0.01065,-0.25257731958762886,0.0158
1.0,4,0,27,117,0,789,0.0158,0.01383,0.08965517241379306,0.0161
1.0,4,1,28,118,0,807,0.0161,0.01281,0.018987341772151778,0.0154
1.0,4,2,29,119,0,771,0.0154,0.00964,-0.04347826086956519,0.0173
1.0,4,3,30,120,0,867,0.0173,0.01227,0.12337662337662336,0.016
1.0,5,4,1,121,0,801,0.016,0.01056,-0.07514450867052014,0.0091
1.0,5,5,2,122,0,457,0.0091,0.00657,-0.43125,0.0126
1.0,5,6,3,123,0,630,0.0126,0.00934,0.3846153846153846,0.012
1.0,5,0,4,124,0,599,0.012,0.00903,-0.04761904761904756,0.0117
1.0,5,1,5,125,0,586,0.0117,0.0095,-0.025000000000000022,0.0068
1.0,5,2,6,126,0,339,0.0068,0.00495,-0.41880341880341887,0.0104
1.0,5,3,7,127,0,519,0.0104,0.00649,0.5294117647058825,0.0096
1.0,5,4,8,128,0,482,0.0096,0.00642,-0.07692307692307698,0.0104
1.0,5,5,9,129,0,522,0.0104,0.00732,0.08333333333333348,0.0171
1.0,5,6,10,130,0,853,0.0171,0.0125,0.6442307692307694,0.0169
1.0,5,0,11,131,0,846,0.0169,0.01361,-0.011695906432748648,0.0233
1.0,5,1,12,132,0,1167,0.0233,0.01746,0.37869822485207116,0.0134
1.0,5,2,13,133,0,670,0.0134,0.00971,-0.424892703862661,0.0646
1.0,5,3,14,134,0,3230,0.0646,0.03869,3.82089552238806,0.0197
1.0,5,4,15,135,0,983,0.0197,0.01511,-0.695046439628483,0.0217
1.0,5,5,16,136,0,1085,0.0217,0.0193,0.10152284263959399,0.0195
1.0,5,6,17,137,0,973,0.0195,0.01351,-0.10138248847926268,0.0203
1.0,5,0,18,138,0,1016,0.0203,0.01482,0.04102564102564088,0.0204
1.0,5,1,19,139,0,1019,0.0204,0.01868,0.0049261083743843415,0.0227
1.0,5,2,20,140,0,1137,0.0227,0.0163,0.11274509803921573,0.0121
1.0,5,3,21,141,0,604,0.0121,0.01037,-0.46696035242290757,0.0263
1.0,5,4,22,142,0,1313,0.0263,0.02065,1.1735537190082646,0.0151
1.0,5,5,23,143,0,757,0.0151,0.01101,-0.42585551330798477,0.0099
1.0,5,6,24,144,0,493,0.0099,0.00733,-0.3443708609271523,0.0143
1.0,5,0,25,145,0,715,0.0143,0.01069,0.4444444444444444,0.0203
1.0,5,1,26,146,0,1014,0.0203,0.01824,0.41958041958041936,0.0301
1.0,5,2,27,147,0,1507,0.0301,0.02351,0.48275862068965525,0.0179
1.0,5,3,28,148,0,897,0.0179,0.01169,-0.4053156146179402,0.0108
1.0,5,4,29,149,0,542,0.0108,0.00823,-0.3966480446927374,0.0135
1.0,5,5,30,150,0,673,0.0135,0.00921,0.25,0.0202
1.0,5,6,31,151,0,1008,0.0202,0.01843,0.49629629629629624,0.0247
1.0,6,0,1,152,0,1235,0.0247,0.02214,0.22277227722772275,0.0181
1.0,6,1,2,153,0,904,0.0181,0.01291,-0.2672064777327935,0.0216
1.0,6,2,3,154,0,1078,0.0216,0.0146,0.19337016574585641,0.0187
1.0,6,3,4,155,0,936,0.0187,0.01245,-0.1342592592592592,0.0218
1.0,6,4,5,156,0,1088,0.0218,0.01673,0.1657754010695187,0.0492
1.0,6,5,6,157,0,2462,0.0492,0.03054,1.2568807339449544,0.0085
1.0,6,6,7,158,0,426,0.0085,0.00586,-0.8272357723577236,0.0115
1.0,6,0,8,159,0,575,0.0115,0.00796,0.3529411764705881,0.0663
1.0,6,1,9,160,0,3315,0.0663,0.04299,4.765217391304348,0.0222
1.0,6,2,10,161,0,1112,0.0222,0.01647,-0.665158371040724,0.0082
1.0,6,3,11,162,0,408,0.0082,0.00534,-0.6306306306306306,0.0125
1.0,6,4,12,163,0,623,0.0125,0.00861,0.524390243902439,0.0099
1.0,6,5,13,164,0,496,0.0099,0.0065,-0.20799999999999996,0.0186
1.0,6,6,14,165,0,931,0.0186,0.01524,0.8787878787878785,0.0227
1.0,6,0,15,166,0,1137,0.0227,0.01864,0.22043010752688197,0.0138
1.0,6,1,16,167,0,690,0.0138,0.01058,-0.39207048458149785,0.0198
1.0,6,2,17,168,0,989,0.0198,0.01517,0.43478260869565233,0.0165
1.0,6,3,18,169,0,827,0.0165,0.01274,-0.16666666666666674,0.0154
1.0,6,4,19,170,0,768,0.0154,0.01055,-0.06666666666666665,0.0158
1.0,6,5,20,171,0,789,0.0158,0.01346,0.025974025974025983,0.0587
1.0,6,6,21,172,0,2933,0.0587,0.04115,2.7151898734177213,0.0113
1.0,6,0,22,173,0,567,0.0113,0.00797,-0.807495741056218,0.0148
1.0,6,1,23,174,0,739,0.0148,0.01148,0.3097345132743363,0.0172
1.0,6,2,24,175,0,859,0.0172,0.01278,0.16216216216216206,0.0163
1.0,6,3,25,176,0,813,0.0163,0.01118,-0.05232558139534893,0.0238
1.0,6,4,26,177,0,1191,0.0238,0.01528,0.4601226993865033,0.0129
1.0,6,5,27,178,0,647,0.0129,0.00978,-0.45798319327731096,0.0213
1.0,6,6,28,179,0,1065,0.0213,0.01373,0.6511627906976745,0.0192
1.0,6,0,29,180,0,960,0.0192,0.01345,-0.09859154929577474,0.0209
1.0,6,1,30,181,0,1043,0.0209,0.01562,0.08854166666666674,0.0085
1.0,7,2,1,182,0,426,0.0085,0.00603,-0.5933014354066986,0.0301
1.0,7,3,2,183,0,1503,0.0301,0.02231,2.5411764705882347,0.018
1.0,7,4,3,184,0,900,0.018,0.01473,-0.40199335548172754,0.02
1.0,7,5,4,185,0,1002,0.02,0.01625,0.11111111111111116,0.0244
1.0,7,6,5,186,0,1221,0.0244,0.02144,0.21999999999999997,0.0253
1.0,7,0,6,187,0,1264,0.0253,0.02364,0.03688524590163933,0.0348
1.0,7,1,7,188,0,1738,0.0348,0.02426,0.3754940711462449,0.0181
1.0,7,2,8,189,0,904,0.0181,0.01254,-0.4798850574712643,0.0133
1.0,7,3,9,190,0,665,0.0133,0.0116,-0.26519337016574596,0.0146
1.0,7,4,10,191,0,731,0.0146,0.01058,0.09774436090225569,0.0188
1.0,7,5,11,192,0,938,0.0188,0.015,0.28767123287671237,0.0198
1.0,7,6,12,193,0,990,0.0198,0.01608,0.05319148936170226,0.0233
1.0,7,0,13,194,0,1163,0.0233,0.02244,0.17676767676767668,0.0218
1.0,7,1,14,195,0,1089,0.0218,0.01715,-0.06437768240343356,0.0192
1.0,7,2,15,196,0,959,0.0192,0.01542,-0.11926605504587162,0.023
1.0,7,3,16,197,0,1151,0.023,0.01939,0.19791666666666674,0.0226
1.0,7,4,17,198,0,1129,0.0226,0.01908,-0.017391304347826098,0.0274
1.0,7,5,18,199,0,1371,0.0274,0.02176,0.21238938053097356,0.0289
1.0,7,6,19,200,0,1445,0.0289,0.0257,0.054744525547445244,0.0171
1.0,7,0,20,201,0,853,0.0171,0.01228,-0.4083044982698961,0.0143
1.0,7,1,21,202,0,714,0.0143,0.01087,-0.16374269005847952,0.0141
1.0,7,2,22,203,0,705,0.0141,0.01098,-0.013986013986014068,0.016
1.0,7,3,23,204,0,799,0.016,0.01141,0.13475177304964547,0.0248
1.0,7,4,24,205,0,1238,0.0248,0.01961,0.5499999999999998,0.0371
1.0,7,5,25,206,0,1854,0.0371,0.02877,0.495967741935484,0.0242
1.0,7,6,26,207,0,1208,0.0242,0.02566,-0.34770889487870626,0.0238
1.0,7,0,27,208,0,1188,0.0238,0.02379,-0.016528925619834656,0.0513
1.0,7,1,28,209,0,2564,0.0513,0.05207,1.1554621848739495,0.0254
1.0,7,2,29,210,0,1270,0.0254,0.0232,-0.5048732943469786,0.0297
1.0,7,3,30,211,0,1484,0.0297,0.02518,0.1692913385826773,0.0164
1.0,7,4,31,212,0,822,0.0164,0.01182,-0.44781144781144777,0.0304
1.0,8,5,1,213,0,1520,0.0304,0.02517,0.8536585365853657,0.017
1.0,8,6,2,214,0,848,0.017,0.01113,-0.4407894736842105,0.0212
1.0,8,0,3,215,0,1061,0.0212,0.0175,0.24705882352941178,0.0352
1.0,8,1,4,216,0,1762,0.0352,0.02398,0.6603773584905661,0.0226
1.0,8,2,5,217,0,1131,0.0226,0.01601,-0.3579545454545455,0.0144
1.0,8,3,6,218,0,718,0.0144,0.00912,-0.36283185840707965,0.0131
1.0,8,4,7,219,0,657,0.0131,0.01,-0.09027777777777768,0.0223
1.0,8,5,8,220,0,1113,0.0223,0.0164,0.7022900763358779,0.0226
1.0,8,6,9,221,0,1130,0.0226,0.01908,0.013452914798206095,0.02
1.0,8,0,10,222,0,998,0.02,0.01663,-0.11504424778761058,0.0155
1.0,8,1,11,223,0,776,0.0155,0.01256,-0.22499999999999998,0.0167
1.0,8,2,12,224,0,833,0.0167,0.01266,0.07741935483870965,0.0264
1.0,8,3,13,225,0,1318,0.0264,0.02561,0.5808383233532934,0.019
1.0,8,4,14,226,0,952,0.019,0.01295,-0.2803030303030303,0.0174
1.0,8,5,15,227,0,872,0.0174,0.01183,-0.08421052631578951,0.0424
1.0,8,6,16,228,0,2121,0.0424,0.05539,1.4367816091954024,0.0513
1.0,8,0,17,229,0,2566,0.0513,0.11586,0.20990566037735836,0.0368
1.0,8,1,18,230,0,1842,0.0368,0.0327,-0.2826510721247564,0.0211
1.0,8,2,19,231,0,1056,0.0211,0.02103,-0.42663043478260865,0.022
1.0,8,3,20,232,0,1101,0.022,0.01855,0.04265402843601884,0.0243
1.0,8,4,21,233,0,1216,0.0243,0.02205,0.1045454545454545,0.0407
1.0,8,5,22,234,0,2036,0.0407,0.03694,0.6748971193415638,0.0389
1.0,8,6,23,235,0,1946,0.0389,0.03343,-0.04422604422604426,0.0217
1.0,8,0,24,236,0,1083,0.0217,0.01905,-0.44215938303341895,0.0087
1.0,8,1,25,237,0,435,0.0087,0.00614,-0.599078341013825,0.0109
1.0,8,2,26,238,0,547,0.0109,0.00875,0.25287356321839094,0.0175
1.0,8,3,27,239,0,875,0.0175,0.01305,0.6055045871559634,0.0342
1.0,8,4,28,240,0,1708,0.0342,0.02926,0.9542857142857142,0.0301
1.0,8,5,29,241,0,1505,0.0301,0.02427,-0.11988304093567259,0.0371
1.0,8,6,30,242,0,1855,0.0371,0.03728,0.2325581395348839,0.0143
1.0,8,0,31,243,0,717,0.0143,0.01038,-0.6145552560646901,0.0177
1.0,9,1,1,244,0,886,0.0177,0.01338,0.2377622377622377,0.0168
1.0,9,2,2,245,0,840,0.0168,0.01289,-0.05084745762711873,0.0151
1.0,9,3,3,246,0,753,0.0151,0.01082,-0.10119047619047605,0.0168
1.0,9,4,4,247,0,841,0.0168,0.01549,0.11258278145695355,0.0296
1.0,9,5,5,248,0,1479,0.0296,0.02768,0.7619047619047621,0.0168
1.0,9,6,6,249,0,838,0.0168,0.01351,-0.43243243243243246,0.0238
1.0,9,0,7,250,0,1189,0.0238,0.01923,0.41666666666666696,0.0345
1.0,9,1,8,251,0,1725,0.0345,0.02703,0.44957983193277307,0.0203
1.0,9,2,9,252,0,1017,0.0203,0.01708,-0.41159420289855086,0.0179
1.0,9,3,10,253,0,893,0.0179,0.01325,-0.11822660098522164,0.0263
1.0,9,4,11,254,0,1313,0.0263,0.03055,0.46927374301675995,0.0341
1.0,9,5,12,255,0,1707,0.0341,0.03227,0.2965779467680607,0.0273
1.0,9,6,13,256,0,1367,0.0273,0.02803,-0.19941348973607032,0.0205
1.0,9,0,14,257,0,1024,0.0205,0.01954,-0.2490842490842491,0.0274
1.0,9,1,15,258,0,1372,0.0274,0.02722,0.3365853658536586,0.0198
1.0,9,2,16,259,0,988,0.0198,0.01461,-0.2773722627737226,0.0274
1.0,9,3,17,260,0,1370,0.0274,0.02423,0.38383838383838387,0.0134
1.0,9,4,18,261,0,671,0.0134,0.00976,-0.5109489051094891,0.0245
1.0,9,5,19,262,0,1225,0.0245,0.01745,0.8283582089552239,0.0215
1.0,9,6,20,263,0,1074,0.0215,0.01964,-0.12244897959183687,0.0238
1.0,9,0,21,264,0,1190,0.0238,0.01746,0.10697674418604675,0.0144
1.0,9,1,22,265,0,722,0.0144,0.01202,-0.39495798319327735,0.0131
1.0,9,2,23,266,0,657,0.0131,0.00932,-0.09027777777777768,0.0166
1.0,9,3,24,267,0,831,0.0166,0.01124,0.26717557251908386,0.0301
1.0,9,4,25,268,0,1504,0.0301,0.02929,0.8132530120481927,0.024
1.0,9,5,26,269,0,1198,0.024,0.02042,-0.20265780730896998,0.0205
1.0,9,6,27,270,0,1027,0.0205,0.01784,-0.14583333333333337,0.0363
1.0,9,0,28,271,0,1815,0.0363,0.02764,0.770731707317073,0.0162
1.0,9,1,29,272,0,812,0.0162,0.01519,-0.5537190082644627,0.02
1.0,9,2,30,273,0,999,0.02,0.01822,0.23456790123456805,0.0268
1.0,10,3,1,274,0,1340,0.0268,0.02439,0.3400000000000001,0.0499
1.0,10,4,2,275,0,2494,0.0499,0.03498,0.8619402985074627,0.0277
1.0,10,5,3,276,0,1385,0.0277,0.02225,-0.44488977955911824,0.0252
1.0,10,6,4,277,0,1262,0.0252,0.02117,-0.09025270758122739,0.014
1.0,10,0,5,278,0,701,0.014,0.0104,-0.4444444444444444,0.0218
1.0,10,1,6,279,0,1089,0.0218,0.0184,0.5571428571428572,0.0146
1.0,10,2,7,280,0,728,0.0146,0.00877,-0.3302752293577982,0.0123
1.0,10,3,8,281,0,616,0.0123,0.00831,-0.15753424657534243,0.0207
1.0,10,4,9,282,0,1035,0.0207,0.01375,0.6829268292682926,0.0169
1.0,10,5,10,283,0,847,0.0169,0.0161,-0.18357487922705318,0.0235
1.0,10,6,11,284,0,1174,0.0235,0.02063,0.39053254437869844,0.0202
1.0,10,0,12,285,0,1011,0.0202,0.01868,-0.1404255319148936,0.0275
1.0,10,1,13,286,0,1375,0.0275,0.02401,0.3613861386138615,0.0133
1.0,10,2,14,287,0,665,0.0133,0.00909,-0.5163636363636364,0.0126
1.0,10,3,15,288,0,629,0.0126,0.00954,-0.05263157894736836,0.0328
1.0,10,4,16,289,0,1642,0.0328,0.02314,1.6031746031746033,0.0361
1.0,10,5,17,290,0,1805,0.0361,0.02607,0.10060975609756095,0.0265
1.0,10,6,18,291,0,1324,0.0265,0.02385,-0.2659279778393352,0.031
1.0,10,0,19,292,0,1552,0.031,0.03159,0.16981132075471694,0.0368
1.0,10,1,20,293,0,1841,0.0368,0.03989,0.1870967741935483,0.021
1.0,10,2,21,294,0,1049,0.021,0.01702,-0.42934782608695643,0.0213
1.0,10,3,22,295,0,1066,0.0213,0.01893,0.014285714285714235,0.0201
1.0,10,4,23,296,0,1006,0.0201,0.01725,-0.05633802816901412,0.0312
1.0,10,5,24,297,0,1560,0.0312,0.02885,0.5522388059701493,0.0239
1.0,10,6,25,298,0,1195,0.0239,0.02246,-0.23397435897435892,0.0445
1.0,10,0,26,299,0,2223,0.0445,0.03853,0.8619246861924685,0.0224
1.0,10,1,27,300,0,1119,0.0224,0.014,-0.49662921348314604,0.0145
1.0,10,2,28,301,0,723,0.0145,0.01162,-0.3526785714285714,0.0197
1.0,10,3,29,302,0,983,0.0197,0.01961,0.35862068965517224,0.0164
1.0,10,4,30,303,0,821,0.0164,0.011,-0.16751269035532979,0.0293
1.0,10,5,31,304,0,1466,0.0293,0.02151,0.7865853658536583,0.025
1.0,11,6,1,305,0,1248,0.025,0.02356,-0.14675767918088733,0.0251
1.0,11,0,2,306,0,1254,0.0251,0.02143,0.0040000000000000036,0.0547
1.0,11,1,3,307,0,2735,0.0547,0.0882,1.1792828685258963,0.0493
1.0,11,2,4,308,0,2463,0.0493,0.0901,-0.09872029250457037,0.0291
1.0,11,3,5,309,0,1456,0.0291,0.0376,-0.40973630831642993,0.0255
1.0,11,4,6,310,0,1277,0.0255,0.02837,-0.12371134020618568,0.0397
1.0,11,5,7,311,0,1985,0.0397,0.06112,0.5568627450980392,0.0349
1.0,11,6,8,312,0,1746,0.0349,0.04451,-0.12090680100755669,0.0297
1.0,11,0,9,313,0,1485,0.0297,0.05238,-0.14899713467048714,0.0467
1.0,11,1,10,314,0,2337,0.0467,0.06079,0.5723905723905722,0.0353
1.0,11,2,11,315,0,1763,0.0353,0.039,-0.24411134903640264,0.0317
1.0,11,3,12,316,0,1587,0.0317,0.02779,-0.10198300283286121,0.0298
1.0,11,4,13,317,0,1488,0.0298,0.0304,-0.05993690851735012,0.0314
1.0,11,5,14,318,0,1569,0.0314,0.03141,0.05369127516778516,0.0351
1.0,11,6,15,319,0,1753,0.0351,0.03973,0.11783439490445868,0.0365
1.0,11,0,16,320,0,1826,0.0365,0.03167,0.03988603988603989,0.0225
1.0,11,1,17,321,0,1127,0.0225,0.02082,-0.3835616438356164,0.0174
1.0,11,2,18,322,0,871,0.0174,0.0136,-0.22666666666666668,0.0305
1.0,11,3,19,323,0,1526,0.0305,0.03734,0.7528735632183909,0.0362
1.0,11,4,20,324,0,1808,0.0362,0.03797,0.18688524590163946,0.0313
1.0,11,5,21,325,0,1563,0.0313,0.03578,-0.1353591160220995,0.0354
1.0,11,6,22,326,0,1769,0.0354,0.03971,0.1309904153354633,0.0179
1.0,11,0,23,327,0,895,0.0179,0.01553,-0.49435028248587576,0.0389
1.0,11,1,24,328,0,1945,0.0389,0.02923,1.1731843575418992,0.0179
1.0,11,2,25,329,0,897,0.0179,0.0131,-0.5398457583547558,0.0198
1.0,11,3,26,330,0,992,0.0198,0.01423,0.1061452513966481,0.0144
1.0,11,4,27,331,0,718,0.0144,0.01108,-0.2727272727272728,0.0154
1.0,11,5,28,332,0,772,0.0154,0.01301,0.06944444444444442,0.0258
1.0,11,6,29,333,0,1289,0.0258,0.02907,0.6753246753246753,0.0257
1.0,11,0,30,334,0,1284,0.0257,0.02205,-0.003875968992248069,0.0295
1.0,12,1,1,335,0,1474,0.0295,0.02645,0.14785992217898825,0.0173
1.0,12,2,2,336,0,867,0.0173,0.01394,-0.41355932203389834,0.0254
1.0,12,3,3,337,0,1272,0.0254,0.02122,0.4682080924855492,0.014
1.0,12,4,4,338,0,701,0.014,0.01097,-0.44881889763779526,0.0267
1.0,12,5,5,339,0,1337,0.0267,0.02481,0.9071428571428573,0.0257
1.0,12,6,6,340,0,1284,0.0257,0.02109,-0.03745318352059923,0.0217
1.0,12,0,7,341,0,1083,0.0217,0.01565,-0.1556420233463035,0.0305
1.0,12,1,8,342,0,1524,0.0305,0.02502,0.4055299539170507,0.0221
1.0,12,2,9,343,0,1104,0.0221,0.01891,-0.2754098360655737,0.0259
1.0,12,3,10,344,0,1294,0.0259,0.02162,0.1719457013574659,0.021
1.0,12,4,11,345,0,1049,0.021,0.01629,-0.18918918918918914,0.0208
1.0,12,5,12,346,0,1039,0.0208,0.01486,-0.009523809523809601,0.0307
1.0,12,6,13,347,0,1536,0.0307,0.03148,0.47596153846153855,0.031
1.0,12,0,14,348,0,1548,0.031,0.02508,0.009771986970684043,0.1186
1.0,12,1,15,349,0,5929,0.1186,0.06827,2.825806451612903,0.0122
1.0,12,2,16,350,0,612,0.0122,0.0102,-0.897133220910624,0.0154
1.0,12,3,17,351,0,771,0.0154,0.01182,0.2622950819672132,0.0168
1.0,12,4,18,352,0,842,0.0168,0.01211,0.09090909090909083,0.0232
1.0,12,5,19,353,0,1158,0.0232,0.01876,0.38095238095238093,0.0197
1.0,12,6,20,354,0,986,0.0197,0.01735,-0.15086206896551724,0.0167
1.0,12,0,21,355,0,835,0.0167,0.0133,-0.15228426395939088,0.0162
1.0,12,1,22,356,0,811,0.0162,0.01097,-0.029940119760479056,0.0153
1.0,12,2,23,357,0,763,0.0153,0.01152,-0.05555555555555558,0.0163
1.0,12,3,24,358,0,815,0.0163,0.01213,0.065359477124183,0.0323
1.0,12,4,25,359,0,1613,0.0323,0.02414,0.9815950920245402,0.0314
1.0,12,5,26,360,0,1570,0.0314,0.02856,-0.02786377708978338,0.0342
1.0,12,6,27,361,0,1711,0.0342,0.02977,0.0891719745222932,0.0365
1.0,12,0,28,362,0,1823,0.0365,0.03468,0.067251461988304,0.0298
1.0,12,1,29,363,0,1489,0.0298,0.02371,-0.18356164383561635,0.0354
1.0,12,2,30,364,0,1768,0.0354,0.03201,0.18791946308724827,0.0163
2.0,1,4,2,2,0,1727,0.0345,0.02696,0.47435897435897445,0.0206
2.0,1,5,3,3,0,1031,0.0206,0.0168,-0.40289855072463776,0.0315
2.0,1,6,4,4,0,1576,0.0315,0.02453,0.529126213592233,0.0429
2.0,1,0,5,5,0,2144,0.0429,0.03276,0.36190476190476195,0.0183
2.0,1,1,6,6,0,917,0.0183,0.01251,-0.5734265734265734,0.0144
2.0,1,2,7,7,0,722,0.0144,0.00964,-0.21311475409836067,0.0136
2.0,1,3,8,8,0,678,0.0136,0.00781,-0.05555555555555558,0.0174
2.0,1,4,9,9,0,870,0.0174,0.01049,0.27941176470588225,0.0193
2.0,1,5,10,10,0,963,0.0193,0.01378,0.10919540229885083,0.0191
2.0,1,6,11,11,0,955,0.0191,0.01195,-0.010362694300518283,0.0101
2.0,1,0,12,12,0,503,0.0101,0.00574,-0.47120418848167533,0.0095
2.0,1,1,13,13,0,476,0.0095,0.00627,-0.05940594059405935,0.0119
2.0,1,2,14,14,0,593,0.0119,0.00856,0.25263157894736854,0.0095
2.0,1,3,15,15,0,476,0.0095,0.00627,-0.20168067226890762,0.0105
2.0,1,4,16,16,0,525,0.0105,0.00798,0.10526315789473695,0.0328
2.0,1,5,17,17,0,1639,0.0328,0.02397,2.123809523809524,0.0201
2.0,1,6,18,18,0,1004,0.0201,0.01656,-0.3871951219512195,0.014
2.0,1,0,19,19,0,700,0.014,0.0089,-0.30348258706467657,0.023
2.0,1,1,20,20,0,1149,0.023,0.01428,0.6428571428571428,0.0116
2.0,1,2,21,21,0,580,0.0116,0.00661,-0.4956521739130435,0.0135
2.0,1,3,22,22,0,673,0.0135,0.00856,0.16379310344827602,0.017
2.0,1,4,23,23,0,849,0.017,0.01035,0.2592592592592593,0.0235
2.0,1,5,24,24,0,1174,0.0235,0.01751,0.38235294117647056,0.0215
2.0,1,6,25,25,0,1074,0.0215,0.01603,-0.08510638297872353,0.0128
2.0,1,0,26,26,0,641,0.0128,0.00761,-0.40465116279069757,0.0065
2.0,1,1,27,27,0,326,0.0065,0.00396,-0.4921875,0.0117
2.0,1,2,28,28,0,584,0.0117,0.00722,0.8,0.0147
2.0,1,3,29,29,0,736,0.0147,0.0104,0.2564102564102564,0.0339
2.0,1,4,30,30,0,1695,0.0339,0.01964,1.306122448979592,0.0217
2.0,1,5,31,31,0,1087,0.0217,0.01326,-0.359882005899705,0.0207
2.0,2,6,1,32,0,1035,0.0207,0.01363,-0.04608294930875578,0.0153
2.0,2,0,2,33,0,764,0.0153,0.01009,-0.26086956521739135,0.0138
2.0,2,1,3,34,0,689,0.0138,0.0096,-0.0980392156862745,0.0187
2.0,2,2,4,35,0,935,0.0187,0.01168,0.35507246376811596,0.006
2.0,2,3,5,36,0,298,0.006,0.00325,-0.679144385026738,0.0054
2.0,2,4,6,37,0,272,0.0054,0.00314,-0.09999999999999998,0.0144
2.0,2,5,7,38,0,722,0.0144,0.00916,1.6666666666666665,0.0139
2.0,2,6,8,39,0,695,0.0139,0.00953,-0.03472222222222221,0.0131
2.0,2,0,9,40,0,654,0.0131,0.00909,-0.05755395683453224,0.0135
2.0,2,1,10,41,0,677,0.0135,0.0089,0.03053435114503822,0.0105
2.0,2,2,11,42,0,527,0.0105,0.00608,-0.2222222222222222,0.0076
2.0,2,3,12,43,0,380,0.0076,0.00508,-0.2761904761904762,0.0221
2.0,2,4,13,44,0,1107,0.0221,0.01418,1.9078947368421053,0.0162
2.0,2,5,14,45,0,812,0.0162,0.00972,-0.26696832579185525,0.013
2.0,2,6,15,46,0,651,0.013,0.00876,-0.19753086419753085,0.0131
2.0,2,0,16,47,0,655,0.0131,0.00826,0.007692307692307887,0.0181
2.0,2,1,17,48,0,906,0.0181,0.0126,0.38167938931297707,0.021
2.0,2,2,18,49,0,1050,0.021,0.01847,0.16022099447513805,0.0117
2.0,2,3,19,50,0,584,0.0117,0.00896,-0.44285714285714284,0.0266
2.0,2,4,20,51,0,1331,0.0266,0.01922,1.2735042735042734,0.0204
2.0,2,5,21,52,0,1020,0.0204,0.01319,-0.23308270676691722,0.0116
2.0,2,6,22,53,0,581,0.0116,0.00838,-0.431372549019608,0.0257
2.0,2,0,23,54,0,1285,0.0257,0.02096,1.2155172413793105,0.02
2.0,2,1,24,55,0,999,0.02,0.0152,-0.22178988326848248,0.0132
2.0,2,2,25,56,0,658,0.0132,0.00919,-0.33999999999999997,0.009
2.0,2,3,26,57,0,448,0.009,0.00536,-0.31818181818181823,0.0155
2.0,2,4,27,58,0,773,0.0155,0.01053,0.7222222222222223,0.0166
2.0,2,5,28,59,0,828,0.0166,0.01315,0.07096774193548394,0.0235
2.0,3,6,1,60,0,1177,0.0235,0.01324,0.4156626506024097,0.0119
2.0,3,0,2,61,0,597,0.0119,0.00907,-0.4936170212765957,0.0096
2.0,3,1,3,62,0,480,0.0096,0.00622,-0.19327731092436984,0.012
2.0,3,2,4,63,0,599,0.012,0.00737,0.2500000000000002,0.0191
2.0,3,3,5,64,0,956,0.0191,0.01844,0.5916666666666666,0.0183
2.0,3,4,6,65,0,915,0.0183,0.01321,-0.041884816753926635,0.0119
2.0,3,5,7,66,0,596,0.0119,0.00663,-0.3497267759562841,0.0154
2.0,3,6,8,67,0,770,0.0154,0.01228,0.2941176470588234,0.0145
2.0,3,0,9,68,0,727,0.0145,0.00907,-0.058441558441558406,0.0144
2.0,3,1,10,69,0,720,0.0144,0.01074,-0.006896551724138056,0.0137
2.0,3,2,11,70,0,687,0.0137,0.00826,-0.04861111111111105,0.0125
2.0,3,3,12,71,0,625,0.0125,0.00795,-0.08759124087591241,0.0088
2.0,3,4,13,72,0,440,0.0088,0.00519,-0.29600000000000004,0.0122
2.0,3,5,14,73,0,608,0.0122,0.00795,0.38636363636363646,0.0122
2.0,3,6,15,74,0,608,0.0122,0.00999,0.0,0.0154
2.0,3,0,16,75,0,771,0.0154,0.01104,0.2622950819672132,0.0093
2.0,3,1,17,76,0,463,0.0093,0.00562,-0.3961038961038962,0.0107
2.0,3,2,18,77,0,534,0.0107,0.00659,0.15053763440860224,0.0085
2.0,3,3,19,78,0,424,0.0085,0.00538,-0.20560747663551393,0.0105
2.0,3,4,20,79,0,525,0.0105,0.00778,0.23529411764705888,0.012
2.0,3,5,21,80,0,599,0.012,0.0078,0.1428571428571428,0.0119
2.0,3,6,22,81,0,593,0.0119,0.00846,-0.008333333333333304,0.0102
2.0,3,0,23,82,0,512,0.0102,0.0067,-0.1428571428571429,0.0122
2.0,3,1,24,83,0,610,0.0122,0.0077,0.196078431372549,0.0128
2.0,3,2,25,84,0,640,0.0128,0.00802,0.049180327868852514,0.0095
2.0,3,3,26,85,0,473,0.0095,0.00659,-0.2578125,0.0232
2.0,3,4,27,86,0,1162,0.0232,0.01878,1.4421052631578948,0.0197
2.0,3,5,28,87,0,986,0.0197,0.01432,-0.15086206896551724,0.013
2.0,3,6,29,88,0,648,0.013,0.00815,-0.3401015228426396,0.0076
2.0,3,0,30,89,0,381,0.0076,0.00456,-0.41538461538461535,0.0111
2.0,3,1,31,90,0,554,0.0111,0.00702,0.4605263157894737,0.0121
2.0,4,2,1,91,0,606,0.0121,0.00837,0.09009009009009006,0.0138
2.0,4,3,2,92,0,692,0.0138,0.00925,0.14049586776859502,0.0136
2.0,4,4,3,93,0,682,0.0136,0.00961,-0.01449275362318847,0.0177
2.0,4,5,4,94,0,885,0.0177,0.01284,0.30147058823529416,0.0182
2.0,4,6,5,95,0,909,0.0182,0.01537,0.02824858757062154,0.0137
2.0,4,0,6,96,0,683,0.0137,0.01105,-0.24725274725274726,0.0156
2.0,4,1,7,97,0,778,0.0156,0.01275,0.13868613138686126,0.0097
2.0,4,2,8,98,0,483,0.0097,0.0074,-0.3782051282051282,0.0147
2.0,4,3,9,99,0,737,0.0147,0.01035,0.5154639175257731,0.0166
2.0,4,4,10,100,0,828,0.0166,0.01105,0.12925170068027225,0.0147
2.0,4,5,11,101,0,735,0.0147,0.01042,-0.1144578313253013,0.0177
2.0,4,6,12,102,0,884,0.0177,0.01424,0.20408163265306123,0.0122
2.0,4,0,13,103,0,608,0.0122,0.00769,-0.3107344632768362,0.0145
2.0,4,1,14,104,0,724,0.0145,0.01067,0.1885245901639343,0.0065
2.0,4,2,15,105,0,326,0.0065,0.00415,-0.5517241379310345,0.0136
2.0,4,3,16,106,0,680,0.0136,0.01077,1.0923076923076924,0.0056
2.0,4,4,17,107,0,280,0.0056,0.00369,-0.588235294117647,0.0104
2.0,4,5,18,108,0,522,0.0104,0.00772,0.857142857142857,0.0113
2.0,4,6,19,109,0,566,0.0113,0.0095,0.08653846153846145,0.0091
2.0,4,0,20,110,0,457,0.0091,0.00556,-0.19469026548672552,0.0154
2.0,4,1,21,111,0,769,0.0154,0.01316,0.6923076923076923,0.0141
2.0,4,2,22,112,0,704,0.0141,0.01114,-0.0844155844155845,0.0096
2.0,4,3,23,113,0,478,0.0096,0.0074,-0.3191489361702128,0.0216
2.0,4,4,24,114,0,1079,0.0216,0.01844,1.2500000000000004,0.0231
2.0,4,5,25,115,0,1154,0.0231,0.01584,0.06944444444444442,0.015
2.0,4,6,26,116,0,748,0.015,0.01082,-0.35064935064935066,0.0103
2.0,4,0,27,117,0,516,0.0103,0.00811,-0.31333333333333335,0.0094
2.0,4,1,28,118,0,469,0.0094,0.00712,-0.08737864077669899,0.0124
2.0,4,2,29,119,0,620,0.0124,0.00947,0.31914893617021267,0.0076
2.0,4,3,30,120,0,382,0.0076,0.00556,-0.3870967741935484,0.0135
2.0,5,4,1,121,0,675,0.0135,0.0103,0.7763157894736843,0.0178
2.0,5,5,2,122,0,889,0.0178,0.01304,0.3185185185185184,0.0106
2.0,5,6,3,123,0,530,0.0106,0.00834,-0.4044943820224719,0.0507
2.0,5,0,4,124,0,2535,0.0507,0.03132,3.783018867924529,0.0144
2.0,5,1,5,125,0,719,0.0144,0.00976,-0.7159763313609467,0.0131
2.0,5,2,6,126,0,654,0.0131,0.01013,-0.09027777777777768,0.0187
2.0,5,3,7,127,0,934,0.0187,0.01233,0.4274809160305344,0.0162
2.0,5,4,8,128,0,809,0.0162,0.01135,-0.1336898395721926,0.0123
2.0,5,5,9,129,0,615,0.0123,0.00853,-0.2407407407407407,0.0168
2.0,5,6,10,130,0,842,0.0168,0.01177,0.36585365853658525,0.0114
2.0,5,0,11,131,0,571,0.0114,0.00771,-0.3214285714285714,0.0106
2.0,5,1,12,132,0,531,0.0106,0.00873,-0.07017543859649122,0.0219
2.0,5,2,13,133,0,1093,0.0219,0.016,1.0660377358490565,0.0116
2.0,5,3,14,134,0,579,0.0116,0.00715,-0.4703196347031964,0.0087
2.0,5,4,15,135,0,435,0.0087,0.00568,-0.25,0.0163
2.0,5,5,16,136,0,817,0.0163,0.01207,0.8735632183908046,0.0115
2.0,5,6,17,137,0,573,0.0115,0.01093,-0.29447852760736193,0.0117
2.0,5,0,18,138,0,583,0.0117,0.00956,0.01739130434782621,0.0247
2.0,5,1,19,139,0,1234,0.0247,0.02074,1.1111111111111112,0.0081
2.0,5,2,20,140,0,404,0.0081,0.00595,-0.6720647773279352,0.011
2.0,5,3,21,141,0,549,0.011,0.00887,0.3580246913580247,0.0122
2.0,5,4,22,142,0,610,0.0122,0.00822,0.10909090909090913,0.0241
2.0,5,5,23,143,0,1203,0.0241,0.01991,0.9754098360655736,0.0168
2.0,5,6,24,144,0,841,0.0168,0.01375,-0.30290456431535273,0.0178
2.0,5,0,25,145,0,890,0.0178,0.01124,0.059523809523809534,0.0145
2.0,5,1,26,146,0,724,0.0145,0.01093,-0.1853932584269662,0.01
2.0,5,2,27,147,0,498,0.01,0.00743,-0.31034482758620696,0.0114
2.0,5,3,28,148,0,568,0.0114,0.00731,0.14000000000000012,0.0112
2.0,5,4,29,149,0,559,0.0112,0.0073,-0.01754385964912286,0.0235
2.0,5,5,30,150,0,1174,0.0235,0.01841,1.0982142857142856,0.0248
2.0,5,6,31,151,0,1238,0.0248,0.01754,0.05531914893617018,0.0199
2.0,6,0,1,152,0,995,0.0199,0.01714,-0.19758064516129026,0.0152
2.0,6,1,2,153,0,759,0.0152,0.00938,-0.2361809045226131,0.0149
2.0,6,2,3,154,0,743,0.0149,0.01117,-0.019736842105263164,0.0115
2.0,6,3,4,155,0,575,0.0115,0.00825,-0.22818791946308725,0.0091
2.0,6,4,5,156,0,456,0.0091,0.00666,-0.20869565217391295,0.013
2.0,6,5,6,157,0,648,0.013,0.00945,0.4285714285714284,0.0132
2.0,6,6,7,158,0,658,0.0132,0.00942,0.01538461538461533,0.0082
2.0,6,0,8,159,0,411,0.0082,0.00584,-0.3787878787878788,0.0131
2.0,6,1,9,160,0,654,0.0131,0.01113,0.597560975609756,0.0157
2.0,6,2,10,161,0,783,0.0157,0.01136,0.19847328244274798,0.0176
2.0,6,3,11,162,0,879,0.0176,0.01409,0.12101910828025497,0.0207
2.0,6,4,12,163,0,1035,0.0207,0.01579,0.17613636363636354,0.0103
2.0,6,5,13,164,0,514,0.0103,0.00707,-0.5024154589371981,0.0135
2.0,6,6,14,165,0,676,0.0135,0.00929,0.3106796116504853,0.018
2.0,6,0,15,166,0,898,0.018,0.01951,0.33333333333333326,0.0222
2.0,6,1,16,167,0,1109,0.0222,0.01822,0.2333333333333334,0.0291
2.0,6,2,17,168,0,1453,0.0291,0.02313,0.31081081081081074,0.023
2.0,6,3,18,169,0,1152,0.023,0.01744,-0.2096219931271478,0.0161
2.0,6,4,19,170,0,803,0.0161,0.01224,-0.30000000000000004,0.044
2.0,6,5,20,171,0,2198,0.044,0.02846,1.732919254658385,0.0141
2.0,6,6,21,172,0,705,0.0141,0.00908,-0.6795454545454545,0.014
2.0,6,0,22,173,0,699,0.014,0.01002,-0.007092198581560294,0.0237
2.0,6,1,23,174,0,1186,0.0237,0.01606,0.6928571428571428,0.0145
2.0,6,2,24,175,0,727,0.0145,0.00926,-0.38818565400843874,0.0122
2.0,6,3,25,176,0,610,0.0122,0.00859,-0.1586206896551724,0.0112
2.0,6,4,26,177,0,559,0.0112,0.00761,-0.08196721311475419,0.0129
2.0,6,5,27,178,0,643,0.0129,0.00879,0.1517857142857142,0.0165
2.0,6,6,28,179,0,826,0.0165,0.01168,0.2790697674418605,0.0184
2.0,6,0,29,180,0,920,0.0184,0.01649,0.115151515151515,0.0253
2.0,6,1,30,181,0,1266,0.0253,0.02211,0.375,0.0169
2.0,7,2,1,182,0,845,0.0169,0.01187,-0.3320158102766799,0.0157
2.0,7,3,2,183,0,783,0.0157,0.01304,-0.07100591715976334,0.0207
2.0,7,4,3,184,0,1037,0.0207,0.01882,0.318471337579618,0.0246
2.0,7,5,4,185,0,1230,0.0246,0.01844,0.18840579710144922,0.0272
2.0,7,6,5,186,0,1362,0.0272,0.02781,0.10569105691056913,0.0207
2.0,7,0,6,187,0,1037,0.0207,0.01703,-0.23897058823529405,0.0241
2.0,7,1,7,188,0,1207,0.0241,0.02045,0.16425120772946866,0.0139
2.0,7,2,8,189,0,693,0.0139,0.00998,-0.4232365145228216,0.0151
2.0,7,3,9,190,0,753,0.0151,0.01411,0.08633093525179869,0.0255
2.0,7,4,10,191,0,1276,0.0255,0.01923,0.6887417218543044,0.0107
2.0,7,5,11,192,0,535,0.0107,0.0091,-0.580392156862745,0.0176
2.0,7,6,12,193,0,879,0.0176,0.01611,0.6448598130841123,0.0154
2.0,7,0,13,194,0,768,0.0154,0.01232,-0.125,0.0259
2.0,7,1,14,195,0,1296,0.0259,0.02467,0.6818181818181817,0.0339
2.0,7,2,15,196,0,1696,0.0339,0.02593,0.30888030888030893,0.0175
2.0,7,3,16,197,0,875,0.0175,0.01378,-0.48377581120943947,0.0175
2.0,7,4,17,198,0,873,0.0175,0.01679,0.0,0.0226
2.0,7,5,18,199,0,1128,0.0226,0.01873,0.29142857142857115,0.0224
2.0,7,6,19,200,0,1121,0.0224,0.02231,-0.008849557522123797,0.0227
2.0,7,0,20,201,0,1133,0.0227,0.02084,0.013392857142857206,0.0343
2.0,7,1,21,202,0,1717,0.0343,0.02726,0.5110132158590306,0.0362
2.0,7,2,22,203,0,1810,0.0362,0.0318,0.055393586005831,0.0168
2.0,7,3,23,204,0,838,0.0168,0.01379,-0.5359116022099448,0.0252
2.0,7,4,24,205,0,1258,0.0252,0.02321,0.5,0.0173
2.0,7,5,25,206,0,865,0.0173,0.01712,-0.3134920634920635,0.0311
2.0,7,6,26,207,0,1554,0.0311,0.02552,0.7976878612716762,0.0271
2.0,7,0,27,208,0,1357,0.0271,0.02574,-0.1286173633440515,0.028
2.0,7,1,28,209,0,1398,0.028,0.0194,0.03321033210332103,0.0176
2.0,7,2,29,210,0,882,0.0176,0.01351,-0.37142857142857144,0.02
2.0,7,3,30,211,0,1002,0.02,0.01691,0.13636363636363624,0.0211
2.0,7,4,31,212,0,1054,0.0211,0.0163,0.05499999999999994,0.019
2.0,8,5,1,213,0,951,0.019,0.01608,-0.09952606635071093,0.0167
2.0,8,6,2,214,0,835,0.0167,0.0129,-0.12105263157894741,0.0373
2.0,8,0,3,215,0,1864,0.0373,0.03439,1.2335329341317367,0.0246
2.0,8,1,4,216,0,1231,0.0246,0.02192,-0.34048257372654156,0.0445
2.0,8,2,5,217,0,2226,0.0445,0.03133,0.8089430894308942,0.0377
2.0,8,3,6,218,0,1885,0.0377,0.03573,-0.15280898876404492,0.0224
2.0,8,4,7,219,0,1122,0.0224,0.02037,-0.40583554376657827,0.0123
2.0,8,5,8,220,0,616,0.0123,0.00932,-0.4508928571428571,0.0266
2.0,8,6,9,221,0,1330,0.0266,0.02318,1.1626016260162602,0.036
2.0,8,0,10,222,0,1802,0.036,0.02267,0.35338345864661647,0.032
2.0,8,1,11,223,0,1602,0.032,0.02759,-0.11111111111111105,0.0206
2.0,8,2,12,224,0,1029,0.0206,0.018,-0.35624999999999996,0.0234
2.0,8,3,13,225,0,1170,0.0234,0.02235,0.13592233009708732,0.0212
2.0,8,4,14,226,0,1062,0.0212,0.01731,-0.09401709401709402,0.0309
2.0,8,5,15,227,0,1545,0.0309,0.02226,0.4575471698113207,0.0365
2.0,8,6,16,228,0,1823,0.0365,0.05102,0.18122977346278302,0.0725
2.0,8,0,17,229,0,3627,0.0725,0.13987,0.9863013698630136,0.0408
2.0,8,1,18,230,0,2041,0.0408,0.03638,-0.4372413793103448,0.0219
2.0,8,2,19,231,0,1095,0.0219,0.0199,-0.4632352941176471,0.0301
2.0,8,3,20,232,0,1506,0.0301,0.02912,0.3744292237442921,0.0213
2.0,8,4,21,233,0,1065,0.0213,0.02144,-0.292358803986711,0.0214
2.0,8,5,22,234,0,1071,0.0214,0.01873,0.0046948356807512415,0.0353
2.0,8,6,23,235,0,1765,0.0353,0.03537,0.6495327102803738,0.0128
2.0,8,0,24,236,0,640,0.0128,0.01053,-0.6373937677053825,0.0167
2.0,8,1,25,237,0,833,0.0167,0.01324,0.3046875,0.0101
2.0,8,2,26,238,0,506,0.0101,0.00612,-0.39520958083832336,0.0194
2.0,8,3,27,239,0,969,0.0194,0.016,0.9207920792079209,0.0202
2.0,8,4,28,240,0,1011,0.0202,0.0182,0.04123711340206171,0.0308
2.0,8,5,29,241,0,1540,0.0308,0.03214,0.5247524752475248,0.0245
2.0,8,6,30,242,0,1223,0.0245,0.02426,-0.20454545454545459,0.0308
2.0,8,0,31,243,0,1541,0.0308,0.02628,0.2571428571428571,0.0204
2.0,9,1,1,244,0,1018,0.0204,0.01605,-0.33766233766233766,0.0131
2.0,9,2,2,245,0,656,0.0131,0.01057,-0.357843137254902,0.0131
2.0,9,3,3,246,0,656,0.0131,0.01054,0.0,0.0285
2.0,9,4,4,247,0,1424,0.0285,0.02498,1.1755725190839694,0.024
2.0,9,5,5,248,0,1198,0.024,0.01969,-0.1578947368421053,0.0304
2.0,9,6,6,249,0,1519,0.0304,0.02897,0.2666666666666666,0.0495
2.0,9,0,7,250,0,2476,0.0495,0.04384,0.6282894736842106,0.0297
2.0,9,1,8,251,0,1485,0.0297,0.0252,-0.4,0.0331
2.0,9,2,9,252,0,1656,0.0331,0.02922,0.1144781144781144,0.025
2.0,9,3,10,253,0,1248,0.025,0.01942,-0.24471299093655574,0.0348
2.0,9,4,11,254,0,1738,0.0348,0.03875,0.3919999999999999,0.0268
2.0,9,5,12,255,0,1339,0.0268,0.02834,-0.2298850574712643,0.0284
2.0,9,6,13,256,0,1421,0.0284,0.0268,0.05970149253731338,0.024
2.0,9,0,14,257,0,1202,0.024,0.01802,-0.15492957746478875,0.023
2.0,9,1,15,258,0,1149,0.023,0.02123,-0.04166666666666674,0.02
2.0,9,2,16,259,0,1001,0.02,0.01496,-0.13043478260869557,0.0181
2.0,9,3,17,260,0,904,0.0181,0.0148,-0.09499999999999997,0.0323
2.0,9,4,18,261,0,1613,0.0323,0.02537,0.7845303867403315,0.0238
2.0,9,5,19,262,0,1189,0.0238,0.01847,-0.26315789473684215,0.0364
2.0,9,6,20,263,0,1820,0.0364,0.03255,0.5294117647058822,0.029
2.0,9,0,21,264,0,1450,0.029,0.02777,-0.20329670329670324,0.0173
2.0,9,1,22,265,0,867,0.0173,0.01161,-0.403448275862069,0.0124
2.0,9,2,23,266,0,621,0.0124,0.00898,-0.2832369942196532,0.0186
2.0,9,3,24,267,0,931,0.0186,0.01479,0.5,0.0182
2.0,9,4,25,268,0,909,0.0182,0.01778,-0.02150537634408589,0.0162
2.0,9,5,26,269,0,811,0.0162,0.01498,-0.10989010989010994,0.0231
2.0,9,6,27,270,0,1154,0.0231,0.02044,0.42592592592592604,0.0258
2.0,9,0,28,271,0,1289,0.0258,0.02359,0.11688311688311703,0.016
2.0,9,1,29,272,0,801,0.016,0.01247,-0.3798449612403101,0.0121
2.0,9,2,30,273,0,604,0.0121,0.00865,-0.24375000000000002,0.0156
2.0,10,3,1,274,0,779,0.0156,0.01132,0.28925619834710736,0.0206
2.0,10,4,2,275,0,1032,0.0206,0.02042,0.3205128205128205,0.0206
2.0,10,5,3,276,0,1029,0.0206,0.01486,0.0,0.0304
2.0,10,6,4,277,0,1521,0.0304,0.03509,0.47572815533980584,0.0217
2.0,10,0,5,278,0,1086,0.0217,0.01507,-0.2861842105263158,0.0185
2.0,10,1,6,279,0,923,0.0185,0.0129,-0.14746543778801846,0.018
2.0,10,2,7,280,0,899,0.018,0.01416,-0.027027027027027084,0.0188
2.0,10,3,8,281,0,939,0.0188,0.01326,0.04444444444444451,0.0247
2.0,10,4,9,282,0,1235,0.0247,0.02136,0.31382978723404253,0.0196
2.0,10,5,10,283,0,981,0.0196,0.01552,-0.20647773279352233,0.0206
2.0,10,6,11,284,0,1028,0.0206,0.01665,0.05102040816326525,0.0243
2.0,10,0,12,285,0,1215,0.0243,0.02407,0.1796116504854368,0.015
2.0,10,1,13,286,0,749,0.015,0.01189,-0.3827160493827161,0.0204
2.0,10,2,14,287,0,1022,0.0204,0.01769,0.3600000000000001,0.0145
2.0,10,3,15,288,0,725,0.0145,0.01037,-0.2892156862745098,0.0695
2.0,10,4,16,289,0,3474,0.0695,0.04624,3.793103448275862,0.0459
2.0,10,5,17,290,0,2296,0.0459,0.03486,-0.339568345323741,0.0227
2.0,10,6,18,291,0,1134,0.0227,0.02025,-0.5054466230936819,0.0281
2.0,10,0,19,292,0,1404,0.0281,0.03651,0.23788546255506593,0.0257
2.0,10,1,20,293,0,1284,0.0257,0.02619,-0.08540925266903909,0.0299
2.0,10,2,21,294,0,1493,0.0299,0.02212,0.16342412451361854,0.0202
2.0,10,3,22,295,0,1010,0.0202,0.01802,-0.32441471571906355,0.0379
2.0,10,4,23,296,0,1897,0.0379,0.02799,0.8762376237623766,0.0185
2.0,10,5,24,297,0,927,0.0185,0.01556,-0.511873350923483,0.0331
2.0,10,6,25,298,0,1657,0.0331,0.02705,0.7891891891891891,0.0209
2.0,10,0,26,299,0,1047,0.0209,0.02015,-0.36858006042296076,0.0208
2.0,10,1,27,300,0,1038,0.0208,0.01783,-0.004784688995215336,0.0213
2.0,10,2,28,301,0,1066,0.0213,0.01859,0.024038461538461453,0.0169
2.0,10,3,29,302,0,847,0.0169,0.0142,-0.20657276995305174,0.0268
2.0,10,4,30,303,0,1342,0.0268,0.01895,0.5857988165680474,0.0179
2.0,10,5,31,304,0,897,0.0179,0.01282,-0.332089552238806,0.0243
2.0,11,6,1,305,0,1215,0.0243,0.02255,0.35754189944134085,0.024
2.0,11,0,2,306,0,1199,0.024,0.02091,-0.012345679012345623,0.0337
2.0,11,1,3,307,0,1683,0.0337,0.0638,0.40416666666666656,0.0605
2.0,11,2,4,308,0,3026,0.0605,0.10924,0.7952522255192878,0.0293
2.0,11,3,5,309,0,1464,0.0293,0.03539,-0.515702479338843,0.0286
2.0,11,4,6,310,0,1428,0.0286,0.0339,-0.023890784982935176,0.0462
2.0,11,5,7,311,0,2308,0.0462,0.06275,0.6153846153846152,0.0759
2.0,11,6,8,312,0,3796,0.0759,0.08626,0.6428571428571428,0.047
2.0,11,0,9,313,0,2350,0.047,0.0735,-0.380764163372859,0.0297
2.0,11,1,10,314,0,1485,0.0297,0.037,-0.36808510638297876,0.0353
2.0,11,2,11,315,0,1764,0.0353,0.04057,0.18855218855218836,0.0293
2.0,11,3,12,316,0,1463,0.0293,0.03304,-0.16997167138810199,0.0248
2.0,11,4,13,317,0,1239,0.0248,0.02422,-0.15358361774744034,0.0238
2.0,11,5,14,318,0,1189,0.0238,0.02237,-0.040322580645161143,0.0292
2.0,11,6,15,319,0,1460,0.0292,0.03659,0.22689075630252087,0.0231
2.0,11,0,16,320,0,1156,0.0231,0.02189,-0.20890410958904115,0.016
2.0,11,1,17,321,0,801,0.016,0.01384,-0.3073593073593073,0.0245
2.0,11,2,18,322,0,1226,0.0245,0.02722,0.53125,0.036
2.0,11,3,19,323,0,1798,0.036,0.02964,0.46938775510204067,0.0191
2.0,11,4,20,324,0,954,0.0191,0.01801,-0.46944444444444444,0.033
2.0,11,5,21,325,0,1652,0.033,0.02829,0.7277486910994766,0.0331
2.0,11,6,22,326,0,1654,0.0331,0.03589,0.003030303030302939,0.0147
2.0,11,0,23,327,0,736,0.0147,0.0114,-0.5558912386706949,0.0201
2.0,11,1,24,328,0,1005,0.0201,0.01605,0.36734693877551017,0.0129
2.0,11,2,25,329,0,647,0.0129,0.01073,-0.35820895522388063,0.0284
2.0,11,3,26,330,0,1419,0.0284,0.01867,1.2015503875968991,0.0233
2.0,11,4,27,331,0,1167,0.0233,0.02406,-0.17957746478873238,0.0219
2.0,11,5,28,332,0,1094,0.0219,0.01982,-0.06008583690987135,0.0328
2.0,11,6,29,333,0,1641,0.0328,0.03678,0.4977168949771691,0.0288
2.0,11,0,30,334,0,1442,0.0288,0.02404,-0.12195121951219523,0.0174
2.0,12,1,1,335,0,871,0.0174,0.01238,-0.39583333333333337,0.0233
2.0,12,2,2,336,0,1166,0.0233,0.0192,0.33908045977011514,0.015
2.0,12,3,3,337,0,748,0.015,0.01225,-0.35622317596566533,0.0234
2.0,12,4,4,338,0,1172,0.0234,0.01956,0.56,0.024
2.0,12,5,5,339,0,1198,0.024,0.0215,0.02564102564102555,0.0302
2.0,12,6,6,340,0,1509,0.0302,0.02584,0.2583333333333333,0.0215
2.0,12,0,7,341,0,1073,0.0215,0.01469,-0.28807947019867564,0.0232
2.0,12,1,8,342,0,1160,0.0232,0.01959,0.07906976744186056,0.0201
2.0,12,2,9,343,0,1004,0.0201,0.01645,-0.13362068965517238,0.0167
2.0,12,3,10,344,0,836,0.0167,0.01032,-0.1691542288557214,0.0143
2.0,12,4,11,345,0,716,0.0143,0.0101,-0.1437125748502993,0.0166
2.0,12,5,12,346,0,831,0.0166,0.01208,0.16083916083916083,0.0238
2.0,12,6,13,347,0,1192,0.0238,0.01842,0.4337349397590362,0.0102
2.0,12,0,14,348,0,510,0.0102,0.00696,-0.5714285714285714,0.0265
2.0,12,1,15,349,0,1324,0.0265,0.01982,1.5980392156862742,0.0186
2.0,12,2,16,350,0,931,0.0186,0.01713,-0.29811320754716986,0.0159
2.0,12,3,17,351,0,794,0.0159,0.01285,-0.14516129032258052,0.0203
2.0,12,4,18,352,0,1015,0.0203,0.01423,0.2767295597484276,0.0167
2.0,12,5,19,353,0,834,0.0167,0.01306,-0.17733990147783252,0.0262
2.0,12,6,20,354,0,1309,0.0262,0.02219,0.568862275449102,0.018
2.0,12,0,21,355,0,900,0.018,0.0149,-0.3129770992366413,0.0154
2.0,12,1,22,356,0,768,0.0154,0.0102,-0.14444444444444438,0.022
2.0,12,2,23,357,0,1102,0.022,0.01455,0.4285714285714284,0.0198
2.0,12,3,24,358,0,991,0.0198,0.01458,-0.09999999999999987,0.0232
2.0,12,4,25,359,0,1160,0.0232,0.01979,0.1717171717171715,0.0291
2.0,12,5,26,360,0,1455,0.0291,0.0271,0.2543103448275863,0.0307
2.0,12,6,27,361,0,1536,0.0307,0.02323,0.054982817869415834,0.0247
2.0,12,0,28,362,0,1233,0.0247,0.02313,-0.19543973941368087,0.0351
2.0,12,1,29,363,0,1753,0.0351,0.02914,0.42105263157894735,0.0305
2.0,12,2,30,364,0,1523,0.0305,0.02329,-0.1310541310541311,0.0253
